FLWS,"1-800 FLOWERS.COM, Inc."
FCTY,"1st Century Bancshares, Inc"
FCCY,1st Constitution Bancorp (NJ)
SRCE,1st Source Corporation
FUBC,"1st United Bancorp, Inc. (FL)"
VNET,"21Vianet Group, Inc."
JOBS,"51job, Inc."
EGHT,8x8 Inc
AVHI,"A V Homes, Inc."
SHLM,"A. Schulman, Inc."
AAON,"AAON, Inc."
ASTM,"Aastrom Biosciences, Inc."
ABAX,"ABAXIS, Inc."
ABGB,"Abengoa, S.A."
ABMD,"ABIOMED, Inc."
AXAS,Abraxas Petroleum Corporation
ACTG,Acacia Research Corporation
ACHC,"Acadia Healthcare Company, Inc."
ACAD,ACADIA Pharmaceuticals Inc.
ACST,"Acasti Pharma, Inc."
AXDX,"Accelerate Diagnostics, Inc."
XLRN,Acceleron Pharma Inc.
ACCL,"Accelrys, Inc."
ANCX,Access National Corporation
ARAY,Accuray Incorporated
ACRX,"AcelRx Pharmaceuticals, Inc."
ACET,Aceto Corporation
ACHN,"Achillion Pharmaceuticals, Inc."
ACIW,"ACI Worldwide, Inc."
ACNB,ACNB Corporation
ACOR,"Acorda Therapeutics, Inc."
ACFN,"Acorn Energy, Inc."
ACTS,"Actions Semiconductor Co., Ltd."
ACPW,"Active Power, Inc."
ATVI,"Activision Blizzard, Inc"
BIRT,Actuate Corporation
ACUR,"Acura Pharmaceuticals, Inc."
ACXM,Acxiom Corporation
ADMP,Adamis Pharmaceuticals Corporation
ADUS,Addus HomeCare Corporation
AEY,"ADDvantage Technologies Group, Inc."
ADEP,"Adept Technology, Inc."
ADBE,Adobe Systems Incorporated
ADTN,"ADTRAN, Inc."
ADES,"Advanced Emissions Solutions, Inc."
AEIS,"Advanced Energy Industries, Inc."
ADXS,"Advaxis, Inc."
ADXSW,"Advaxis, Inc."
ADVS,"Advent Software, Inc."
AEGR,"Aegerion Pharmaceuticals, Inc."
AEGN,Aegion Corp
AEHR,Aehr Test Systems
AEPI,AEP Industries Inc.
AERI,"Aerie Pharmaceuticals, Inc."
AVAV,"AeroVironment, Inc."
AEZS,AEterna Zentaris Inc.
ATRM,Aetrium Incorporated
AFCE,"AFC Enterprises, Inc."
AFFX,"Affymetrix, Inc."
AGEN,Agenus Inc.
AGYS,"Agilysys, Inc."
AGIO,"Agios Pharmaceuticals, Inc."
AIRM,Air Methods Corporation
AIRT,"Air T, Inc."
ATSG,"Air Transport Services Group, Inc"
AMCN,AirMedia Group Inc
AIXG,Aixtron SE
AKAM,"Akamai Technologies, Inc."
AKRX,"Akorn, Inc."
ALSK,"Alaska Communications Systems Group, Inc."
AMRI,"Albany Molecular Research, Inc."
ALCS,"ALCO Stores, Inc."
ADHD,Alcobra Ltd.
ALXN,"Alexion Pharmaceuticals, Inc."
ALXA,"Alexza Pharmaceuticals, Inc."
ALCO,"Alico, Inc."
ALGN,"Align Technology, Inc."
ALIM,"Alimera Sciences, Inc."
ALKS,Alkermes plc
ALGT,Allegiant Travel Company
ALLB,"Alliance Bancorp, Inc. of Pennsylvania"
AFOP,"Alliance Fiber Optic Products, Inc."
AIQ,"Alliance HealthCare Services, Inc."
AHGP,"Alliance Holdings GP, L.P."
ARLP,"Alliance Resource Partners, L.P."
AHPI,"Allied Healthcare Products, Inc."
AMOT,"Allied Motion Technologies, Inc."
ALLT,Allot Communications Ltd.
MDRX,"Allscripts Healthcare Solutions, Inc."
AFAM,Almost Family Inc
ALNY,"Alnylam Pharmaceuticals, Inc."
AOSL,Alpha and Omega Semiconductor Limited
ATEC,"Alphatec Holdings, Inc."
ALTI,Altair Nanotechnologies Inc.
ALTR,Altera Corporation
ASPS,Altisource Portfolio Solutions S.A.
APSA,Alto Palermo S.A.
AIMC,Altra Industrial Motion Corp.
ALVR,Alvarion Ltd.
AMAG,"AMAG Pharmaceuticals, Inc."
AMRN,Amarin Corporation PLC
AMZN,"Amazon.com, Inc."
AMBC,"Ambac Financial Group, Inc."
AMBCW,"Ambac Financial Group, Inc."
AMBA,"Ambarella, Inc."
EPAX,"Ambassadors Group, Inc."
AMBT,Ambient Corporation
AMBI,Ambit Biosciences Corporation
AMCX,AMC Networks Inc.
DOX,Amdocs Limited
AMED,Amedisys Inc
UHAL,Amerco
ASBI,Ameriana Bancorp
ATAX,"America First Multifamily Investors, L.P."
AMOV,"America Movil, S.A.B. de C.V."
AAL,"American Airlines Group, Inc."
AALCP,"American Airlines Group, Inc."
AGNC,American Capital Agency Corp.
AGNCP,American Capital Agency Corp.
MTGE,American Capital Mortgage Investment Corp.
ACAS,"American Capital, Ltd."
ANCI,American Caresource Holdings Inc
AETI,"American Electric Technologies, Inc."
AMIC,American Independence Corp.
AMNB,"American National Bankshares, Inc."
ANAT,American National Insurance Company
APFC,American Pacific Corporation
APEI,"American Public Education, Inc."
ARII,"American Railcar Industries, Inc."
ARCP,"American Realty Capital Properties, Inc."
ARCPP,"American Realty Capital Properties, Inc."
AMRB,American River Bankshares
ASEI,"American Science and Engineering, Inc."
AMSWA,"American Software, Inc."
AMSC,American Superconductor Corporation
AMWD,American Woodmark Corporation
CRMT,"America&#39;s Car-Mart, Inc."
ABCB,Ameris Bancorp
AMSF,"AMERISAFE, Inc."
ASRV,AmeriServ Financial Inc.
ASRVP,AmeriServ Financial Inc.
ATLO,Ames National Corporation
AMGN,Amgen Inc.
FOLD,"Amicus Therapeutics, Inc."
AMKR,"Amkor Technology, Inc."
AMSG,Amsurg Corp.
ASYS,"Amtech Systems, Inc."
AFSI,"AmTrust Financial Services, Inc."
AMRS,"Amyris, Inc."
ANAC,"Anacor Pharmaceuticals, Inc."
ANAD,"ANADIGICS, Inc."
ADI,"Analog Devices, Inc."
ALOG,Analogic Corporation
ANEN,"Anaren, Inc."
ANCB,Anchor Bancorp
AMCF,Andatee China Marine Fuel Services Corporation
ANGI,"Angie&#39;s List, Inc."
ANGO,"AngioDynamics, Inc."
ANIP,"ANI Pharmaceuticals, Inc."
ANIK,Anika Therapeutics Inc.
ANSS,"ANSYS, Inc."
ATRS,"Antares Pharma, Inc."
ANTH,"Anthera Pharmaceuticals, Inc."
APAGF,Apco Oil and Gas International Inc.
ATNY,API Technologies Corp.
APOG,"Apogee Enterprises, Inc."
APOL,"Apollo Education Group, Inc."
AINV,Apollo Investment Corporation
AAPL,Apple Inc.
ARCI,"Appliance Recycling Centers of America, Inc."
AMAT,"Applied Materials, Inc."
AMCC,Applied Micro Circuits Corporation
AAOI,"Applied Optoelectronics, Inc."
AREX,Approach Resources Inc.
APRI,"Apricus Biosciences, Inc"
AQU,Aquasition Corp.
AQUUU,Aquasition Corp.
AQUUW,Aquasition Corp.
PETX,"Aratana Therapeutics, Inc."
ARCW,"ARC Group Worldwide, Inc."
ABIO,"ARCA biopharma, Inc."
ACGL,Arch Capital Group Ltd.
ACAT,Arctic Cat Inc.
ARDNA,"Arden Group, Inc."
ARNA,"Arena Pharmaceuticals, Inc."
ARCC,Ares Capital Corporation
AGII,"Argo Group International Holdings, Ltd."
AGIIL,"Argo Group International Holdings, Ltd."
ARIS,"ARI Network Services, Inc."
ARIA,"ARIAD Pharmaceuticals, Inc."
ARKR,Ark Restaurants Corp.
ABFS,Arkansas Best Corporation
ARMH,ARM Holdings plc
ARTX,Arotech Corporation
ARQL,"ArQule, Inc."
ARRY,Array BioPharma Inc.
ARRS,"ARRIS Group, Inc."
AROW,Arrow Financial Corporation
ARWR,Arrowhead Research Corporation
ARTNA,Artesian Resources Corporation
ARTC,ArthroCare Corporation
ARTW,"Art&#39;s-Way Manufacturing Co., Inc."
ARUN,"Aruba Networks, Inc."
ASBB,"ASB Bancorp, Inc."
ASNA,"Ascena Retail Group, Inc."
ASCMA,"Ascent Capital Group, Inc."
ASTI,"Ascent Solar Technologies, Inc."
APWC,Asia Pacific Wire & Cable Corporation Limited
ASIA,"AsiaInfo-Linkage, Inc."
ASMI,ASM International N.V.
ASML,ASML Holding N.V.
AZPN,"Aspen Technology, Inc."
ASBC,Associated Banc-Corp
ASBCW,Associated Banc-Corp
ASFI,"Asta Funding, Inc."
ATEA,"Astea International, Inc."
ASTE,"Astec Industries, Inc."
ALOT,"Astro-Med, Inc."
ATRO,Astronics Corporation
ASTC,Astrotech Corporation
ASUR,Asure Software Inc
ATAI,ATA Inc.
ATHN,"athenahealth, Inc."
AFCB,Athens Bancshares Corporation
ATHX,"Athersys, Inc."
AAME,Atlantic American Corporation
ACFC,Atlantic Coast Financial Corporation
ATNI,"Atlantic Tele-Network, Inc."
ATLC,Atlanticus Holdings Corporation
AAWW,Atlas Air Worldwide Holdings
AFH,"Atlas Financial Holdings, Inc."
ATML,Atmel Corporation
ATMI,ATMI Inc.
ATOS,Atossa Genetics Inc.
ATRC,"AtriCure, Inc."
ATRI,ATRION Corporation
ATTU,Attunity Ltd.
AUBN,"Auburn National Bancorporation, Inc."
ADNC,"Audience, Inc."
AUDC,AudioCodes Ltd.
ADAT,Authentidate Holding Corp.
ABTL,Autobytel Inc.
ADSK,"Autodesk, Inc."
ADP,"Automatic Data Processing, Inc."
AMAP,AutoNavi Holdings Limited
AUXL,"Auxilium Pharmaceuticals, Inc."
AVGO,Avago Technologies Limited
AVNR,"Avanir Pharmaceuticals, Inc."
AVEO,"AVEO Pharmaceuticals, Inc."
AVNW,"Aviat Networks, Inc."
AVID,"Avid Technology, Inc."
CAR,"Avis Budget Group, Inc."
AWRE,"Aware, Inc."
ACLS,"Axcelis Technologies, Inc."
AXGN,"AxoGen, Inc."
AXTI,AXT Inc
BCOM,B Communications Ltd.
BOSC,B.O.S. Better Online Solutions
BEAV,"B/E Aerospace, Inc."
BIDU,"Baidu, Inc."
BCPC,Balchem Corporation
BWINA,"Baldwin & Lyons, Inc."
BWINB,"Baldwin & Lyons, Inc."
BLDP,"Ballard Power Systems, Inc."
BANC,"Banc of California, Inc."
BANCL,"Banc of California, Inc."
BANCP,"Banc of California, Inc."
BANF,BancFirst Corporation
BANFP,BancFirst Corporation
BKMU,Bank Mutual Corporation
BOCH,Bank of Commerce Holdings (CA)
BMRC,Bank of Marin Bancorp
BKSC,Bank of South Carolina Corp.
BOTJ,"Bank of the James Financial Group, Inc."
OZRK,Bank of the Ozarks
BFIN,BankFinancial Corporation
BANR,Banner Corporation
BBSI,"Barrett Business Services, Inc."
BSET,"Bassett Furniture Industries, Incorporated"
BAXS,"Baxano Surgical, Inc."
BYBK,"Bay Bancorp, Inc."
BYLK,Baylake Corp
BV,"Bazaarvoice, Inc."
BBCN,"BBCN Bancorp, Inc."
BCBP,"BCB Bancorp, Inc. (NJ)"
BCSB,"BCSB Bancorp, Inc."
BECN,"Beacon Roofing Supply, Inc."
BBGI,"Beasley Broadcast Group, Inc."
BEBE,"bebe stores, inc."
BBBY,Bed Bath & Beyond Inc.
BELFA,Bel Fuse Inc.
BELFB,Bel Fuse Inc.
BNCL,"Beneficial Mutual Bancorp, Inc."
BNFT,"Benefitfocus, Inc."
BGMD,"BG Medicine, Inc."
BGCP,"BGC Partners, Inc."
BGFV,Big 5 Sporting Goods Corporation
BIND,"BIND Therapeutics, Inc."
BASI,"Bioanalytical Systems, Inc."
BCRX,"BioCryst Pharmaceuticals, Inc."
BIOD,Biodel Inc.
BDSI,"BioDelivery Sciences International, Inc."
BIOF,BioFuel Energy Corp.
BIIB,Biogen Idec Inc.
BIOL,"Biolase, Inc."
BLRX,BioLineRx Ltd.
BMRN,BioMarin Pharmaceutical Inc.
BRLI,"Bio-Reference Laboratories, Inc."
BIOS,"BioScrip, Inc."
BSTC,BioSpecifics Technologies Corp
BSPM,"Biostar Pharmaceuticals, Inc."
BOTA,"Biota Pharmaceuticals, Inc."
BEAT,"BioTelemetry, Inc."
BDMS,"Birner Dental Management Services, Inc."
BJRI,"BJ&#39;s Restaurants, Inc."
BBOX,Black Box Corporation
BDE,"Black Diamond, Inc."
BLKB,"Blackbaud, Inc."
BBRY,BlackBerry Limited
HAWK,"Blackhawk Network Holdings, Inc."
BKCC,BlackRock Kelso Capital Corporation
ADRA,BLDRS Asia 50 ADR Index Fund
ADRD,BLDRS Developed Markets 100 ADR Index Fund
ADRE,BLDRS Emerging Markets 50 ADR Index Fund
ADRU,BLDRS Europe 100 ADR Index Fund
BLMN,"Bloomin&#39; Brands, Inc."
BCOR,"Blucora, Inc."
NILE,"Blue Nile, Inc."
BLUE,"bluebird bio, Inc."
BKEP,"Blueknight Energy Partners L.P., L.L.C."
BKEPP,"Blueknight Energy Partners L.P., L.L.C."
BPHX,"BluePhoenix Solutions, Ltd."
BNCN,BNC Bancorp
BOBE,"Bob Evans Farms, Inc."
BODY,Body Central Corp.
BOFI,"BofI Holding, Inc."
WIFI,"Boingo Wireless, Inc."
BOKF,BOK Financial Corporation
BOLT,Bolt Technology Corporation
BONA,Bona Film Group Limited
BNSO,"Bonso Electronics International, Inc."
BAMM,"Books-A-Million, Inc."
BPFH,"Boston Private Financial Holdings, Inc."
BPFHP,"Boston Private Financial Holdings, Inc."
BPFHW,"Boston Private Financial Holdings, Inc."
EPAY,"Bottomline Technologies, Inc."
BDBD,"Boulder Brands, Inc."
BBRG,"Bravo Brio Restaurant Group, Inc."
BBEP,"BreitBurn Energy Partners, L.P."
BDGE,"Bridge Bancorp, Inc."
BBNK,Bridge Capital Holdings
BLIN          ,"Bridgeline Digital, Inc."
BRID,Bridgford Foods Corporation
BCOV,Brightcove Inc.
BRCM,Broadcom Corporation
BSFT,"BroadSoft, Inc."
BVSN,"BroadVision, Inc."
BYFC,Broadway Financial Corporation
BWEN,"Broadwind Energy, Inc."
BRCD,"Brocade Communications Systems, Inc."
BRKL,"Brookline Bancorp, Inc."
BRKS,"Brooks Automation, Inc."
BRKR,Bruker Corporation
BMTC,Bryn Mawr Bank Corporation
BLMT,"BSB Bancorp, Inc."
BSDM,BSD Medical Corporation
BSQR,BSQUARE Corporation
BTUI,"BTU International, Inc."
BWLD,"Buffalo Wild Wings, Inc."
BLDR,"Builders FirstSource, Inc."
BUR,Burcon Nutrascience Corp
CFFI,C&F Financial Corporation
CHRW,"C.H. Robinson Worldwide, Inc."
CA,CA Inc.
CCMP,Cabot Microelectronics Corporation
CACH,"Cache, Inc."
CDNS,"Cadence Design Systems, Inc."
CADX,"Cadence Pharmaceuticals, Inc."
CDZI,"Cadiz, Inc."
CACQ,Caesars Acquisition Company
CZR,Caesars Entertainment Corporation
CSTE,CaesarStone Sdot-Yam Ltd.
PRSS,CafePress Inc.
CLMS,"Calamos Asset Management, Inc."
CHY,Calamos Convertible and High Income Fund
CHI,Calamos Convertible Opportunities and Income Fund
CHW,Calamos Global Dynamic Income Fund
CGO,Calamos Global Total Return Fund
CSQ,Calamos Strategic Total Return Fund
CAMP,CalAmp Corp.
CVGW,"Calavo Growers, Inc."
CFNB,California First National Bancorp
CALD,"Callidus Software, Inc."
CALM,"Cal-Maine Foods, Inc."
CLMT,"Calumet Specialty Products Partners, L.P."
ABCD,"Cambium Learning Group, Inc."
CAMBU,CAMBRIDGE CAPITAL ACQUISITION CORPORATION
CAFI,Camco Financial Corporation
CAC,Camden National Corporation
CAMT,Camtek Ltd.
CSIQ,Canadian Solar Inc.
CGIX,"Cancer Genetics, Inc."
CPHC,Canterbury Park Holding Corporation
CBNJ,"Cape Bancorp, Inc."
CPLA,Capella Education Company
CBF,Capital Bank Financial Corp.
CCBG,Capital City Bank Group
CPLP,Capital Product Partners L.P.
CSWC,Capital Southwest Corporation
CPTA,Capitala Finance Corp.
CLAC,Capitol Acquisition Corp. II
CLACU,Capitol Acquisition Corp. II
CLACW,Capitol Acquisition Corp. II
CFFN,"Capitol Federal Financial, Inc."
CPST,Capstone Turbine Corporation
CARB,"Carbonite, Inc."
CRDC,"Cardica, Inc."
CFNL,Cardinal Financial Corporation
CRME,Cardiome Pharma Corporation
CSII,"Cardiovascular Systems, Inc."
CATM,"Cardtronics, Inc."
CECO,Career Education Corporation
CKEC,"Carmike Cinemas, Inc."
CLBH,Carolina Bank Holdings Inc.
CART,Carolina Trust Bank
CRZO,"Carrizo Oil & Gas, Inc."
TAST,"Carrols Restaurant Group, Inc."
CARV,"Carver Bancorp, Inc."
CASM,"CAS Medical Systems, Inc."
CACB,Cascade Bancorp
CSCD,"Cascade Microtech, Inc."
CWST,"Casella Waste Systems, Inc."
CASY,"Caseys General Stores, Inc."
CASS,"Cass Information Systems, Inc"
CPRX,"Catalyst Pharmaceutical Partners, Inc."
CTRX,Catamaran Corporation
CATY,Cathay General Bancorp
CATYW,Cathay General Bancorp
CVCO,"Cavco Industries, Inc."
CAVM,"Cavium, Inc."
CBEY,"Cbeyond, Inc."
CBOE,"CBOE Holdings, Inc."
CDW,CDW Corporation
CECE,CECO Environmental Corp.
CPXX,Celator Pharmaceuticals Inc.
CELG,Celgene Corporation
CELGZ,Celgene Corporation
CTIC,"Cell Therapeutics, Inc."
CLDX,"Celldex Therapeutics, Inc."
ICEL,"Cellular Dynamics International, Inc."
CLSN,Celsion Corporation
CEMP,"Cempra, Inc."
CNBC,"Center Bancorp, Inc."
CSFL,"CenterState Banks, Inc."
CETV,Central European Media Enterprises Ltd.
CFBK,Central Federal Corporation
CENT,Central Garden & Pet Company
CENTA,Central Garden & Pet Company
CVCY,Central Valley Community Bancorp
CENX,Century Aluminum Company
CNBKA,"Century Bancorp, Inc."
CNTY,"Century Casinos, Inc."
CPHD,CEPHEID
CRNT,Ceragon Networks Ltd.
CERE,"Ceres, Inc."
CERN,Cerner Corporation
CERS,Cerus Corporation
CEVA,"CEVA, Inc."
CYOU,Changyou.com Limited
HOTR,"Chanticleer Holdings, Inc."
HOTRW,"Chanticleer Holdings, Inc."
CTHR,Charles & Colvard Ltd
CHRM,Charm Communications Inc.
CACG,Chart Acquisition Corp.
CACGU,Chart Acquisition Corp.
CACGW,Chart Acquisition Corp.
GTLS,"Chart Industries, Inc."
CHTR,"Charter Communications, Inc."
CHFN,Charter Financial Corp.
CHKP,Check Point Software Technologies Ltd.
CHTP,"Chelsea Therapeutics International, Ltd."
CEMI,"Chembio Diagnostics, Inc."
CHFC,Chemical Financial Corporation
CCXI,"ChemoCentryx, Inc."
CHMG,Chemung Financial Corp
CHKE,Cherokee Inc.
CHEV,Cheviot Financial Corp
CBNK,"Chicopee Bancorp, Inc."
CMRX,"Chimerix, Inc."
CADC,"China Advanced Construction Materials Group, Inc."
CALI,China Auto Logistics Inc.
CAAS,"China Automotive Systems, Inc."
CBAK,"China BAK Battery, Inc."
CBPO,"China Biologic Products, Inc."
CCCL,"China Ceramics Co., Ltd."
CCCR,"China Commercial Credit, Inc."
JRJC,China Finance Online Co. Limited
CHOP,China Gerui Advanced Materials Group Limited
HGSH,"China HGS Real Estate, Inc."
CHLN,"China Housing & Land Development, Inc."
CNIT,"China Information Technology, Inc."
CJJD,"China Jo-Jo Drugstores, Inc."
HTHT,"China Lodging Group, Limited"
CMGE,China Mobile Games and Entertainment Group Limited
CHNR,"China Natural Resources, Inc."
CPSL,"China Precision Steel, Inc."
CREG,China Recycling Energy Corporation
CPGI,"China Shengda Packaging Group, Inc."
CSUN,"China Sunergy Co., Ltd."
CNTF,China TechFaith Wireless Communication Technology Limited
CXDC,China XD Plastics Company Limited
CNYD,"China Yida Holding, Co."
CCIH,ChinaCache International Holdings Ltd.
CEDU,ChinaEdu Corporation
CNET,"ChinaNet Online Holdings, Inc."
CHDX,"Chindex International, Inc."
IMOS,ChipMOS TECHNOLOGIES (Bermuda) LTD.
CHSCO,CHS Inc
CHSCP,CHS Inc
CHDN,"Churchill Downs, Incorporated"
CHUY,"Chuy&#39;s Holdings, Inc."
CHYR,ChyronHego Corporation
CIFC,CIFC Corp.
CIMT,"Cimatron, Limited"
CINF,Cincinnati Financial Corporation
CIDM,Cinedigm Corp
CTAS,Cintas Corporation
CRUS,"Cirrus Logic, Inc."
CISAA,CIS Acquisition Ltd.
CISAU,CIS Acquisition Ltd.
CISAW,CIS Acquisition Ltd.
CSCO,"Cisco Systems, Inc."
CTRN,"Citi Trends, Inc."
CZNC,Citizens & Northern Corp
CZWI,"Citizens Community Bancorp, Inc."
CZFC,Citizens First Corporation
CIZN,Citizens Holding Company
CTXS,"Citrix Systems, Inc."
CHCO,City Holding Company
CDTI,"Clean Diesel Technologies, Inc."
CLNE,Clean Energy Fuels Corp.
CLNT,"Cleantech Solutions International, Inc."
CLFD,"Clearfield, Inc."
CLRO,"ClearOne, Inc."
CLIR,ClearSign Combustion Corporation
CBLI,"Cleveland BioLabs, Inc."
CKSW,ClickSoftware Technologies Ltd.
CSBK,"Clifton Savings Bancorp, Inc."
CLVS,"Clovis Oncology, Inc."
CME,CME Group Inc.
CMSB,"CMS Bancorp, Inc."
CCNE,CNB Financial Corporation
CISG,CNinsure Inc.
COA           ,Coastal Contacts Inc                    
COBZ,CoBiz Financial Inc.
COBR,Cobra Electronics Corporation
COKE,Coca-Cola Bottling Co. Consolidated
CDXS,"Codexis, Inc."
CVLY,"Codorus Valley Bancorp, Inc"
JVA,"Coffee Holding Co., Inc."
CCOI,"Cogent Communications Group, Inc."
CGNX,Cognex Corporation
CTSH,Cognizant Technology Solutions Corporation
COHR,"Coherent, Inc."
COHU,"Cohu, Inc."
CWTR,"Coldwater Creek, Inc."
CCIX,"Coleman Cable, Inc."
JACQ,COLLABRIUM JAPAN ACQUISITION CORPORATION
JACQU,COLLABRIUM JAPAN ACQUISITION CORPORATION
JACQW,COLLABRIUM JAPAN ACQUISITION CORPORATION
CLRX,"CollabRx, Inc."
CLCT,"Collectors Universe, Inc."
COBK,"Colonial Financial Services, Inc."
CBAN,"Colony Bankcorp, Inc."
COLB,"Columbia Banking System, Inc."
CBRX,"Columbia Laboratories, Inc."
COLM,Columbia Sportswear Company
CMCO,Columbus McKinnon Corporation
CBMX,CombiMatrix Corporation
CBMXW,CombiMatrix Corporation
CMCSA,Comcast Corporation
CMCSK,Comcast Corporation
CBSH,"Commerce Bancshares, Inc."
CVGI,"Commercial Vehicle Group, Inc."
COMM,"CommScope Holding Company, Inc."
CTCH,Commtouch Software Ltd.
JCS,"Communications Systems, Inc."
CBIN,"Community Bank Shares of Indiana, Inc."
ESXB,Community Bankers Trust Corporation.
CTBI,"Community Trust Bancorp, Inc."
CWBC,Community West Bancshares
COB,CommunityOne Bancorp
CVLT,"CommVault Systems, Inc."
GSJK,"Compressco Partners, L.P."
CGEN,Compugen Ltd.
CPSI,"Computer Programs and Systems, Inc."
CTG,"Computer Task Group, Incorporated"
CPWR,Compuware Corporation
SCOR,"comScore, Inc."
CHCI,"Comstock Holding Companies, Inc."
CMTL,Comtech Telecommunications Corp.
CNSI,Comverse Inc.
CNAT,Conatus Pharmaceuticals Inc.
CNQR,"Concur Technologies, Inc."
CCUR,Concurrent Computer Corporation
CNMD,CONMED Corporation
CTWS,"Connecticut Water Service, Inc."
CNOB,"ConnectOne Bancorp, Inc."
CONN,"Conn&#39;s, Inc."
CNSL,"Consolidated Communications Holdings, Inc."
CWCO,Consolidated Water Co. Ltd.
CTCT,"Constant Contact, Inc."
CPSS,"Consumer Portfolio Services, Inc."
CTRL,Control4 Corporation
CPRT,"Copart, Inc."
CORT,Corcept Therapeutics Incorporated
BVA,Cordia Bancorp Inc.
CORE,"Core-Mark Holding Company, Inc."
COCO,"Corinthian Colleges, Inc."
CSOD,"Cornerstone OnDemand, Inc."
CRTX,Cornerstone Therapeutics Inc.
CNDO,"Coronado Biosciences, Inc."
CRRS,"Corporate Resource Services, Inc."
CRVL,CorVel Corp.
COSI,"Cosi, Inc."
ATX,Costa Inc.
CSGP,"CoStar Group, Inc."
COST,Costco Wholesale Corporation
CPAH,CounterPath Corporation
CRRC,Courier Corporation
CVTI,"Covenant Transportation Group, Inc."
COVS,Covisint Corporation
COWN,"Cowen Group, Inc."
CRAI,"CRA International,Inc."
CBRL,"Cracker Barrel Old Country Store, Inc."
BREW,"Craft Brew Alliance, Inc."
CRAY,Cray Inc
CACC,Credit Acceptance Corporation
DGLD,Credit Suisse AG
DSLV,Credit Suisse AG
GLDI,Credit Suisse AG
SLVO,Credit Suisse AG
TVIX,Credit Suisse AG
UGLD,Credit Suisse AG
USLV,Credit Suisse AG
VIIX,Credit Suisse AG
VIIZ,Credit Suisse AG
XIV,Credit Suisse AG
ZIV,Credit Suisse AG
CREE,"Cree, Inc."
CRESW,Cresud S.A.C.I.F. y A.
CRESY,Cresud S.A.C.I.F. y A.
CRTO,Criteo S.A.
CROX,"Crocs, Inc."
CCRN,"Cross Country Healthcare, Inc."
CRDS,"Crossroads Systems, Inc."
XTXI,"Crosstex Energy, Inc."
XTEX,"Crosstex Energy, L.P."
CRWS,"Crown Crafts, Inc."
CRWN,"Crown Media Holdings, Inc."
CRMB,"Crumbs Bake Shop, Inc."
CRMBU,"Crumbs Bake Shop, Inc."
CRMBW,"Crumbs Bake Shop, Inc."
CSGS,"CSG Systems International, Inc."
CSPI,CSP Inc.
CSRE,CSR plc
CTCM,"CTC Media, Inc."
CTIB,CTI Industries Corporation
CTRP,"Ctrip.com International, Ltd."
CUNB,CU Bancorp (CA)
CBST,"Cubist Pharmaceuticals, Inc."
CBSTZ,"Cubist Pharmaceuticals, Inc."
CUI,"CUI Global, Inc."
CPIX,Cumberland Pharmaceuticals Inc.
CMLS,Cumulus Media Inc.
CRIS,"Curis, Inc."
CUBI,"Customers Bancorp, Inc"
CUBIL,"Customers Bancorp, Inc"
CUTR,"Cutera, Inc."
CVBF,CVB Financial Corporation
CVV,CVD Equipment Corporation
CYAN,Cyanotech Corporation
CYBX,"Cyberonics, Inc."
CYBE,CyberOptics Corporation
CYCC,"Cyclacel Pharmaceuticals, Inc."
CYCCP,"Cyclacel Pharmaceuticals, Inc."
CYNO,"Cynosure, Inc."
CY,Cypress Semiconductor Corporation
CONE,CyrusOne Inc
CYTK,"Cytokinetics, Incorporated"
CYTX,Cytori Therapeutics Inc
CYTXW,Cytori Therapeutics Inc
CYTR,CytRx Corporation
DAEG,Daegis Inc
DJCO,Daily Journal Corp. (S.C.)
DAKT,"Daktronics, Inc."
DARA,"DARA Biosciences, Inc."
DAIO,Data I/O Corporation
DTLK,Datalink Corporation
DRAM,Dataram Corporation
DWCH,Datawatch Corporation
DWSN,Dawson Geophysical Company
TRAK,"Dealertrack Technologies, Inc."
DECK,Deckers Outdoor Corporation
DHRM,Dehaier Medical Systems Limited
DFRG,"Del Frisco&#39;s Restaurant Group, Inc."
DCTH,"Delcath Systems, Inc."
DLIA,dELIA*s Inc.
DGAS,"Delta Natural Gas Company, Inc."
DNDN,Dendreon Corporation
DENN,Denny&#39;s Corporation
XRAY,DENTSPLY International Inc.
DEPO,"Depomed, Inc."
DSCI,"Derma Sciences, Inc."
DEST,Destination Maternity Corporation
DXLG,"Destination XL Group, Inc."
DSWL,"Deswell Industries, Inc."
DXM,"Dex Media, Inc."
DXCM,"DexCom, Inc."
DLLR,DFC Global Corp
DMND,"Diamond Foods, Inc."
DHIL,"Diamond Hill Investment Group, Inc."
FANG,"Diamondback Energy, Inc."
DCIX,Diana Containerships Inc.
DGII,Digi International Inc.
DMRC,Digimarc Corporation
DRAD,Digirad Corporation
DGLY,"Digital Ally, Inc."
DCIN,Digital Cinema Destinations Corp.
DGIT,"Digital Generation, Inc."
DRIV,"Digital River, Inc."
DCOM,"Dime Community Bancshares, Inc."
DIOD,Diodes Incorporated
DTV,DIRECTV
DISCA,"Discovery Communications, Inc."
DISCB,"Discovery Communications, Inc."
DISCK,"Discovery Communications, Inc."
DSCO,"Discovery Laboratories, Inc."
DISH,DISH Network Corporation
DVCR,Diversicare Healthcare Services Inc.
BAGR,"Diversified Restaurant Holdings, Inc."
DLHC,DLH Holdings Corp.
DNBF,DNB Financial Corp
DLTR,"Dollar Tree, Inc."
DGICA,"Donegal Group, Inc."
DGICB,"Donegal Group, Inc."
DMLP,"Dorchester Minerals, L.P."
DORM,"Dorman Products, Inc."
HILL,Dot Hill Systems Corporation
DBLE,Double Eagle Petroleum Company
DBLEP,Double Eagle Petroleum Company
DOVR,"Dover Saddlery, Inc."
DRWI,DragonWave Inc
DWA,"Dreamworks Animation SKG, Inc."
DRYS,DryShips Inc.
DSKX,"DS Healthcare Group, Inc."
DSPG,"DSP Group, Inc."
DTSI,"DTS, Inc."
DNKN,"Dunkin&#39; Brands Group, Inc."
DRTX,"Durata Therapeutics, Inc."
DRRX,Durect Corporation
DXPE,"DXP Enterprises, Inc."
DYAX,Dyax Corp.
DLNG,Dynagas LNG Partners LP
BOOM,Dynamic Materials Corporation
DRCO,Dynamics Research Corporation
DYSL,Dynasil Corporation of America
DYNT,Dynatronics Corporation
DVAX,Dynavax Technologies Corporation
ETFC,E*TRADE Financial Corporation
EOPN,"E2open, Inc."
EBMT,"Eagle Bancorp Montana, Inc."
EGBN,"Eagle Bancorp, Inc."
EGLE,Eagle Bulk Shipping Inc.
EROC,"Eagle Rock Energy Partners, L.P."
ELNK,EarthLink Holdings Corp.
EWBC,"East West Bancorp, Inc."
EML,Eastern Company (The)
EVBS,"Eastern Virginia Bankshares, Inc."
EBAY,eBay Inc.
EBIX,"Ebix, Inc."
ELON,Echelon Corporation
ECHO,"Echo Global Logistics, Inc."
ECTE,"Echo Therapeutics, Inc."
SATS,EchoStar Corporation
EEI,"Ecology and Environment, Inc."
EDAP,EDAP TMS S.A.
EDGW,"Edgewater Technology, Inc."
EDMC,Education Management Corporation
EDUC,Educational Development Corporation
EFUT,eFuture Information Technology Inc.
EGAN,eGain Corporation
EHTH,"eHealth, Inc."
BAGL,"Einstein Noah Restaurant Group, Inc."
EMITF,Elbit Imaging Ltd.
ESLT,Elbit Systems Ltd.
ESYS,Elecsys Corporation
ELRC,Electro Rent Corporation
ESIO,"Electro Scientific Industries, Inc."
EA,Electronic Arts Inc.
EFII,"Electronics for Imaging, Inc."
ELSE,"Electro-Sensors, Inc."
RDEN,"Elizabeth Arden, Inc."
ESBK,Elmira Savings Bank NY (The)
LONG,"eLong, Inc."
ELTK,Eltek Ltd.
EMCI,"EMC Insurance Group, Inc."
EMCF,Emclaire Financial Corp
EMKR,EMCORE Corporation
EMMS,Emmis Communications Corporation
EMMSP,Emmis Communications Corporation
NYNY,"Empire Resorts, Inc."
ERS,"Empire Resources, Inc."
ENTA,"Enanta Pharmaceuticals, Inc."
ECPG,Encore Capital Group Inc
WIRE,Encore Wire Corporation
ENDP,Endo Health Solutions Inc.
ECYT,"Endocyte, Inc."
ELGX,"Endologix, Inc."
EIGI,"Endurance International Group Holdings, Inc."
ERII,"Energy Recovery, Inc."
EXXI,Energy XXI (Bermuda) Limited
ENOC,"EnerNOC, Inc."
ENG,ENGlobal Corporation
ENPH,"Enphase Energy, Inc."
ESGR,Enstar Group Limited
ENTG,"Entegris, Inc."
ETRM,EnteroMedics Inc.
EBTC,Enterprise Bancorp Inc
EFSC,Enterprise Financial Services Corporation
EGT,Entertainment Gaming Asia Incorporated
ENMD,"EntreMed, Inc."
ENTR,"Entropic Communications, Inc."
ENVI,"Envivio, Inc."
ENZN,"Enzon Pharmaceuticals, Inc."
ENZY          ,Enzymotec Ltd.
EONC,eOn Communications Corporation
EPIQ,"EPIQ Systems, Inc."
EPZM,"Epizyme, Inc."
PLUS,ePlus inc.
EQIX,"Equinix, Inc."
EAC           ,Erickson Air-Crane Incorporated
ERIC,Ericsson
ERIE,Erie Indemnity Company
ESBF,ESB Financial Corporation
ESCA,"Escalade, Incorporated"
ESMC,Escalon Medical Corp.
ESPR,"Esperion Therapeutics, Inc."
ESSA,"ESSA Bancorp, Inc."
ESSX,Essex Rental Corporation
CLWT,Euro Tech Holdings Company Limited
EEFT,"Euronet Worldwide, Inc."
ESEA,Euroseas Ltd.
EVEP,"EV Energy Partners, L.P."
EVRY,"EveryWare Global, Inc."
EVOK,"Evoke Pharma, Inc."
EVOL,"Evolving Systems, Inc."
EXA,Exa Corporation
EXAS,EXACT Sciences Corporation
EXAC,"Exactech, Inc."
EDS,Exceed Company Ltd.
EXEL,"Exelixis, Inc."
EXFO,EXFO Inc
EXLS,"ExlService Holdings, Inc."
EXPE,"Expedia, Inc."
EXPD,"Expeditors International of Washington, Inc."
EXPO,"Exponent, Inc."
ESRX,Express Scripts Holding Company
EXLP,"Exterran Partners, L.P."
EXTR,"Extreme Networks, Inc."
EZCH,EZchip Semiconductor Limited
EZPW,"EZCORP, Inc."
FFIV,"F5 Networks, Inc."
FB,"Facebook, Inc."
FCS,"Fairchild Semiconductor International, Inc."
FRP,"FairPoint Communications, Inc."
FWM,Fairway Group Holdings Corp.
FALC,"FalconStor Software, Inc."
DAVE,"Famous Dave&#39;s of America, Inc."
FARM,Farmer Brothers Company
FFKT,Farmers Capital Bank Corporation
FMNB,Farmers National Banc Corp.
FARO,"FARO Technologies, Inc."
FAST,Fastenal Company
FATE,"Fate Therapeutics, Inc."
FBSS,"Fauquier Bankshares, Inc."
FBRC,FBR & Co
FDML,Federal-Mogul Corporation
FNHC,Federated National Holding Company
FFCO,FedFirst Financial Corporation
FEIC,FEI Company
FHCO,Female Health Company (The)
ONEQ,Fidelity Nasdaq Composite Index Tracking Stock
LION,Fidelity Southern Corporation
FDUS,Fidus Investment Corporation
FRGI,"Fiesta Restaurant Group, Inc."
FSC,Fifth Street Finance Corp.
FSCFL,Fifth Street Finance Corp.
FSFR,Fifth Street Senior Floating Rate Corp.
FITB,Fifth Third Bancorp
FITBI,Fifth Third Bancorp
FNGN,"Financial Engines, Inc."
FISI,"Financial Institutions, Inc."
FNSR,Finisar Corporation
FEYE,"FireEye, Inc."
FBNC,First Bancorp
FNLC,"First Bancorp, Inc (ME)"
FRBA,First Bank
BUSE,First Busey Corporation
FBIZ,"First Business Financial Services, Inc."
FCVA,"First Capital Bancorp, Inc. (VA)"
FCAP,"First Capital, Inc."
FCFS,"First Cash Financial Services, Inc."
FCZA,First Citizens Banc Corp.
FCZAP,First Citizens Banc Corp.
FCNCA,"First Citizens BancShares, Inc."
FCLF,First Clover Leaf Financial Corp.
FCBC,"First Community Bancshares, Inc."
FCCO,First Community Corporation
FBNK,"First Connecticut Bancorp, Inc."
FDEF,First Defiance Financial Corp.
FFBH,"First Federal Bancshares of Arkansas, Inc."
FFNM,"First Federal of Northern Michigan Bancorp, Inc."
FFBC,First Financial Bancorp.
FFBCW,First Financial Bancorp.
FFIN,"First Financial Bankshares, Inc."
THFF,First Financial Corporation Indiana
SCBT,"First Financial Holdings, Inc."
FFNW,"First Financial Northwest, Inc."
FFKY,First Financial Service Corporation
INBK,First Internet Bancorp
FIBK,"First Interstate BancSystem, Inc."
FRME,First Merchants Corporation
FMBI,"First Midwest Bancorp, Inc."
NBCB,First NBC Bank Holding Company
FNFG,First Niagara Financial Group Inc.
FSFG,"First Savings Financial Group, Inc."
FSGI,"First Security Group, Inc."
FSLR,"First Solar, Inc."
FSBK,First South Bancorp Inc
BICK,First Trust BICK Index Fund
FTCS,First Trust Capital Strength ETF
TDIV,First Trust Exchange-Traded Fund VI First Trust NASDAQ Technol
MDIV,First Trust Exchange-Traded Fund VI Multi-Asset Diversified In
FTGC,First Trust Global Tactical Commodity Strategy Fund
FTHI,First Trust High Income ETF
HYLS,First Trust High Yield Long/Short ETF
YDIV,First Trust International Multi-Asset Diversified Income Index
SKYY,First Trust ISE Cloud Computing Index Fund
CU,First Trust ISE Global Copper Index Fund
PLTM,First Trust ISE Global Platinum Index Fund
FTLB,First Trust Low Beta Income ETF
QABA,First Trust NASDAQ ABA Community Bank Index Fund
FONE,First Trust NASDAQ CEA Smartphone Index Fund
GRID,First Trust NASDAQ Clean Edge Smart Grid Infrastructure Index 
QCLN,First Trust NASDAQ Clean Edge U.S. Liquid Series Index Fund
CARZ,First Trust NASDAQ Global Auto Index Fund
RDVY,First Trust NASDAQ Rising Dividend Achievers ETF
QQEW,First Trust NASDAQ-100 Equal Weighted Index Fund
QQXT,First Trust NASDAQ-100 Ex-Technology Sector Index Fund
QTEC,First Trust NASDAQ-100-Technology Sector Index Fund
FTSL,First Trust Senior Loan Fund ETF
FUNC,First United Corporation
FBMI,Firstbank Corporation
SVVC,"Firsthand Technology Value Fund, Inc."
FMER,FirstMerit Corporation
FSRV,FirstService Corporation
FISV,"Fiserv, Inc."
FIVE,"Five Below, Inc."
FPRX,"Five Prime Therapeutics, Inc."
FLML,Flamel Technologies S.A.
FLXS,"Flexsteel Industries, Inc."
FLEX,Flextronics International Ltd.
FLIR,"FLIR Systems, Inc."
FLOW,Flow International Corporation
FLDM,Fluidigm Corporation
FFIC,Flushing Financial Corporation
FONR,Fonar Corporation
VIFL,"Food Technology Service, Inc."
FES,Forbes Energy Services Ltd
FNRG,ForceField Energy Inc.
FORM,"FormFactor, Inc."
FORTY,Formula Systems (1985) Ltd.
FORR,"Forrester Research, Inc."
FTNT,"Fortinet, Inc."
FWRD,Forward Air Corporation
FORD,"Forward Industries, Inc."
FOSL,"Fossil Group, Inc."
FWLT,Foster Wheeler AG.
FMI,"Foundation Medicine, Inc."
FXCB,"Fox Chase Bancorp, Inc."
FOXF,Fox Factory Holding Corp.
FRAN,Francesca&#39;s Holdings Corporation
FELE,"Franklin Electric Co., Inc."
FRNK,Franklin Financial Corporation
FRED,"Fred&#39;s, Inc."
FREE,FreeSeas Inc.
RAIL,"Freightcar America, Inc."
FEIM,"Frequency Electronics, Inc."
FTR,Frontier Communications Corporation
FSBW,"FS Bancorp, Inc."
FTD,"FTD Companies, Inc."
FSYS,"Fuel Systems Solutions, Inc."
FTEK,"Fuel Tech, Inc."
FCEL,"FuelCell Energy, Inc."
FULL,Full Circle Capital Corporation
FULLL,Full Circle Capital Corporation
FLL,"Full House Resorts, Inc."
FULT,Fulton Financial Corporation
FURX,"Furiex Pharmaceuticals, Inc."
FFHL,"Fuwei Films (Holdings) Co., Ltd."
FXEN,"FX Energy, Inc."
GK,"G&K Services, Inc."
WILC,"G. Willi-Food International,  Ltd."
GAIA,"Gaiam, Inc."
GALT,Galectin Therapeutics Inc.
GALTU,Galectin Therapeutics Inc.
GALTW,Galectin Therapeutics Inc.
GALE,"Galena Biopharma, Inc."
GLPI,"Gaming and Leisure Properties, Inc."
GPIC,Gaming Partners International Corporation
GRMN,Garmin Ltd.
GARS,Garrison Capital Inc.
GKNT,"Geeknet, Inc."
GENC,Gencor Industries Inc.
GNCMA,"General Communication, Inc."
GFN,General Finance Corporation
GFNCP,General Finance Corporation
GENE,Genetic Technologies Ltd
GNMK,"GenMark Diagnostics, Inc."
GHDX,"Genomic Health, Inc."
GNTX,Gentex Corporation
THRM,Gentherm Inc
GENT,Gentium SpA
GTIV,"Gentiva Health Services, Inc."
GNVC,"GenVec, Inc."
GMETP,"GeoMet, Inc."
GTWN,"Georgetown Bancorp, Inc."
GEOS,Geospace Technologies Corporation
GABC,"German American Bancorp, Inc."
GERN,Geron Corporation
GEVO,"Gevo, Inc."
ROCK,"Gibraltar Industries, Inc."
GIGM,GigaMedia Limited
GIGA,Giga-tronics Incorporated
GIII,"G-III Apparel Group, LTD."
GILT,Gilat Satellite Networks Ltd.
GILD,"Gilead Sciences, Inc."
GIVN,Given Imaging Ltd.
GBCI,"Glacier Bancorp, Inc."
GLAD,Gladstone Capital Corporation
GLADP,Gladstone Capital Corporation
GOOD,Gladstone Commercial Corporation
GOODN,Gladstone Commercial Corporation
GOODO,Gladstone Commercial Corporation
GOODP,Gladstone Commercial Corporation
GAIN,Gladstone Investment Corporation
GAINP,Gladstone Investment Corporation
LAND,Gladstone Land Corporation
GLCH,"Gleacher & Company, Inc."
GLBZ,Glen Burnie Bancorp
GDEF,"Global Defense & National Security Systems, Inc."
ENT,Global Eagle Entertainment Inc.
GBLI,Global Indemnity plc
GLPW,Global Power Equipment Group Inc
GSOL,Global Sources Ltd.
QQQC,Global X NASDAQ China Technology ETF
SOCL,Global X Social Media Index ETF
GAI,Global-Tech Advanced Innovations Inc.
GSM,Globe Specialty Metals Inc.
GLBS,Globus Maritime Limited
GLUU,Glu Mobile Inc.
GLYC,"GlycoMimetics, Inc."
GOGO,Gogo Inc.
GLNG,Golar LNG Limited
GMLP,Golar LNG Partners LP
GLDC,"Golden Enterprises, Inc."
GBDC,"Golub Capital BDC, Inc."
GTIM,Good Times Restaurants Inc.
GOOG,Google Inc.
GMAN,"Gordmans Stores, Inc."
LOPE,"Grand Canyon Education, Inc."
GRVY,"GRAVITY Co., Ltd."
GLDD,Great Lakes Dredge & Dock Corporation
GSBC,"Great Southern Bancorp, Inc."
GMCR,"Green Mountain Coffee Roasters, Inc."
GPRE,"Green Plains Renewable Energy, Inc."
GCBC,"Greene County Bancorp, Inc."
GLRE,"Greenlight Reinsurance, Ltd."
GRIF,"Griffin Land & Nurseries, Inc."
GRFS,"Grifols, S.A."
GRPN,"Groupon, Inc."
OMAB,Grupo Aeroportuario del Centro Norte S.A.B. de C.V.
GGAL,Grupo Financiero Galicia S.A.
GSIG,"GSI Group, Inc."
GSIT,"GSI Technology, Inc."
GSVC,GSV Capital Corp
GTAT,"GT Advanced Technologies, Inc."
GTXI,"GTx, Inc."
GPRC,Guanwei Recycling Corp.
GBNK,Guaranty Bancorp
GFED,"Guaranty Federal Bancshares, Inc."
GUID,"Guidance Software, Inc."
GIFI,"Gulf Island Fabrication, Inc."
GURE,"Gulf Resources, Inc."
GPOR,Gulfport Energy Corporation
GWPH,GW Pharmaceuticals Plc
GYRO,"Gyrodyne Company of America, Inc."
HEES,"H&E Equipment Services, Inc."
HNRG,Hallador Energy Company
HALL,"Hallmark Financial Services, Inc."
HALO,"Halozyme Therapeutics, Inc."
HBK,"Hamilton Bancorp, Inc."
HBNK,"Hampden Bancorp, Inc."
HMPR,Hampton Roads Bankshares Inc
HBHC,Hancock Holding Company
HNH,Handy & Harman Ltd.
HAFC,Hanmi Financial Corporation
HNSN,"Hansen Medical, Inc."
HSOL,"Hanwha SolarOne Co., Ltd."
HDNG,"Hardinge, Inc."
HLIT,Harmonic Inc.
TINY,"Harris & Harris Group, Inc."
HPOL,"Harris Interactive, Inc."
HART          ,"Harvard Apparatus Regenerative Technology, Inc."
HBIO,"Harvard Bioscience, Inc."
HCAP,Harvest Capital Credit Corporation
HAS,"Hasbro, Inc."
HAST,"Hastings Entertainment, Inc."
HA,"Hawaiian Holdings, Inc."
HCOM,"Hawaiian Telcom Holdco, Inc."
HWKN,"Hawkins, Inc."
HWBK,"Hawthorn Bancshares, Inc."
HAYN,"Haynes International, Inc."
HCIIP,"HCI Group, Inc."
HDS,"HD Supply Holdings, Inc."
HIIQ,"Health Insurance Innovations, Inc."
HCSG,"Healthcare Services Group, Inc."
HSTM,"HealthStream, Inc."
HWAY,"Healthways, Inc."
HTLD,"Heartland Express, Inc."
HTLF,"Heartland Financial USA, Inc."
HTWR,"Heartware International, Inc."
HTBX,"Heat Biologics, Inc."
HSII,"Heidrick & Struggles International, Inc."
HELE,Helen of Troy Limited
HMNY,Helios and Matheson Analytics Inc
HMTV,"Hemisphere Media Group, Inc."
HSIC,"Henry Schein, Inc."
HERO,"Hercules Offshore, Inc."
HTBK,Heritage Commerce Corp
HFWA,Heritage Financial Corporation
HBOS,Heritage Financial Group
HEOP,Heritage Oaks Bancorp
HCCI,"Heritage-Crystal Clean, Inc."
MLHR,"Herman Miller, Inc."
HSKA,Heska Corporation
HFFC,HF Financial Corp.
HTWO,HF2 Financial Management Inc.
HIBB,"Hibbett Sports, Inc."
HTCO,Hickory Tech Corporation
HIHO,Highway Holdings Limited
HIMX,"Himax Technologies, Inc."
HIFS,Hingham Institution for Savings
HITK,"Hi-Tech Pharmacal Co., Inc."
HITT,Hittite Microwave Corporation
HMNF,"HMN Financial, Inc."
HMSY,HMS Holdings Corp
HOLI,"Hollysys Automation Technologies, Ltd."
HOLL,Hollywood Media Corp.
HOLX,"Hologic, Inc."
HBCP,"Home Bancorp, Inc."
HOMB,"Home BancShares, Inc."
HOME,"Home Federal Bancorp, Inc."
HFBL,"Home Federal Bancorp, Inc. of Louisiana"
HMIN,Home Inns & Hotels Management Inc.
HLSS,"Home Loan Servicing Solutions, Ltd."
AWAY,"HomeAway, Inc."
HMST,"HomeStreet, Inc."
HTBI,"HomeTrust Bancshares, Inc."
HPJ,Hong Kong Highpower Technology
HKTV,Hong Kong Television Network Limited
HOFT,Hooker Furniture Corporation
HFBC,"HopFed Bancorp, Inc."
HBNC,Horizon Bancorp (IN)
HZNP,"Horizon Pharma, Inc."
HRZN,Horizon Technology Finance Corporation
ZINC,Horsehead Holding Corp.
HMHC,Houghton Mifflin Harcourt Company
HWCC,Houston Wire & Cable Company
HOVNP,Hovnanian Enterprises Inc
HBMD,"Howard Bancorp, Inc."
HSNI,"HSN, Inc."
HUBG,"Hub Group, Inc."
HCBK,"Hudson City Bancorp, Inc."
HSON,"Hudson Global, Inc."
HDSN,"Hudson Technologies, Inc."
HBAN,Huntington Bancshares Incorporated
HBANP,Huntington Bancshares Incorporated
HURC,"Hurco Companies, Inc."
HURN,Huron Consulting Group Inc.
HTCH,Hutchinson Technology Incorporated
HBP,"Huttig Building Products, Inc."
HPAC,Hyde Park Acquisition Corp. II
HYGS,Hydrogenics Corporation
HPTX,"Hyperion Therapeutics, Inc."
IDSY,"I.D. Systems, Inc."
IACI,IAC/InterActiveCorp
IKGH,Iao Kun Group Holding Company Limited
IBKC,IBERIABANK Corporation
ICAD,icad inc.
IEP,Icahn Enterprises L.P.
ICFI,"ICF International, Inc."
ICGE,"ICG Group, Inc."
ICLR,ICON plc
ICON,"Iconix Brand Group, Inc."
ICUI,"ICU Medical, Inc."
IPWR,Ideal Power Inc.
IDIX,"Idenix Pharmaceuticals, Inc."
INVE,"Identive Group, Inc."
IDRA,"Idera Pharmaceuticals, Inc."
IDXX,"IDEXX Laboratories, Inc."
IROQ,"IF Bancorp, Inc."
IGTE,iGATE Corporation
IRG,"Ignite Restaurant Group, Inc."
IIVI,II-VI Incorporated
IKAN,"Ikanos Communications, Inc."
IKNX,Ikonics Corporation
ILMN,"Illumina, Inc."
ISNS,"Image Sensing Systems, Inc."
IMMR,Immersion Corporation
ICCC,ImmuCell Corporation
IMGN,"ImmunoGen, Inc."
IMMU,"Immunomedics, Inc."
IPXL,"Impax Laboratories, Inc."
IMMY,"Imprimis Pharmaceuticals, Inc."
IMRS,Imris Inc
SAAS,"inContact, Inc."
INCY,Incyte Corporation
INDB,Independent Bank Corp.
IBCP,Independent Bank Corporation
IBTX,"Independent Bank Group, Inc"
IDSA,"Industrial Services of America, Inc."
INFN,Infinera Corporation
INXB,Infinity Cross Border Acquisition Corporation
INXBU,Infinity Cross Border Acquisition Corporation
INXBW,Infinity Cross Border Acquisition Corporation
INFI,"Infinity Pharmaceuticals, Inc."
IPCC,Infinity Property and Casualty Corporation
INFA,Informatica Corporation
III,"Information Services Group, Inc."
IFON,InfoSonics Corp
IMKTA,"Ingles Markets, Incorporated"
INWK,"InnerWorkings, Inc."
INOD,Innodata Inc.
IPHS,"Innophos Holdings, Inc."
IOSP,Innospec Inc.
ISSC,"Innovative Solutions and Support, Inc."
NSIT,"Insight Enterprises, Inc."
ISIG,"Insignia Systems, Inc."
INSM,"Insmed, Inc."
IIIN,"Insteel Industries, Inc."
PODD,Insulet Corporation
INSY,"Insys Therapeutics, Inc."
IART,Integra LifeSciences Holdings Corporation
IDTI,"Integrated Device Technology, Inc."
IESC,"Integrated Electrical Services, Inc."
ISSI,"Integrated Silicon Solution, Inc."
INTC,Intel Corporation
IQNT,"Inteliquent, Inc."
IPCI,Intellipharmaceutics International Inc.
IPAR,"Inter Parfums, Inc."
IBKR,"Interactive Brokers Group, Inc."
ININ,"Interactive Intelligence Group, Inc."
ICPT,"Intercept Pharmaceuticals, Inc."
ICLD,"InterCloud Systems, Inc"
ICLDW,"InterCloud Systems, Inc"
IDCC,"InterDigital, Inc."
TILE,"Interface, Inc."
IMI,"Intermolecular, Inc."
IMCB,Intermountain Community Bancorp
ITMN,"InterMune, Inc."
INAP,Internap Network Services Corporation
IBOC,International Bancshares Corporation
ISCA,International Speedway Corporation
IGLD,Internet Gold Golden Lines Ltd.
IIJI,"Internet Initiative Japan, Inc."
PTNT,Internet Patents Corporation
INPH,Interphase Corporation
INTX,"Intersections, Inc."
ISIL,Intersil Corporation
IILG,"Interval Leisure Group, Inc."
IBCA,Intervest Bancshares Corp.
IVAC,"Intevac, Inc."
INTL,INTL FCStone Inc.
INTLL,INTL FCStone Inc.
IIN,IntriCon Corporation
INTU,Intuit Inc.
ISRG,"Intuitive Surgical, Inc."
SNAK,"Inventure Foods, Inc."
ISBC,"Investors Bancorp, Inc."
ITIC,Investors Title Company
IPAS,iPass Inc.
IPCM,"IPC The Hospitalist Company, Inc."
IPGP,IPG Photonics Corporation
IRIX,IRIDEX Corporation
IRDM,Iridium Communications Inc
IRDMZ,Iridium Communications Inc
IRBT,iRobot Corporation
IRWD,"Ironwood Pharmaceuticals, Inc."
GNMA,iShares Barclays GNMA Bond Fund
FCHI,iShares FTSE China (HK Listed) Index Fund
IFSM,iShares FTSE Developed Small Cap ex-North America Index Fund
IFAS,iShares FTSE EPRA/NAREIT Asia Index Fund
IFEU,iShares FTSE EPRA/NAREIT Europe Index Fund
IFGL,iShares FTSE EPRA/NAREIT Global Real Estate ex-U.S. Index Fund
IFNA,iShares FTSE EPRA/NAREIT North America Index Fund
SOXX,iShares Goldman Sachs Semiconductor Index Fund
AXFN,iShares MSCI ACWI ex US Financials Sector Index Fund
ACWX,iShares MSCI ACWI ex US Index Fund
ACWI,iShares MSCI ACWI Index Fund
AAXJ,iShares MSCI All Country Asia ex Japan Index Fund
AXJS,iShares MSCI All Country Asia ex Japan Small Cap Index Fund
AAIT,iShares MSCI All Country Asia Information Technology Index Fun
EEMA,iShares MSCI Emerging Markets Asia Index Fund
EMDI,iShares MSCI Emerging Markets Consumer Discrectionary Sector I
EEME,iShares MSCI Emerging Markets EMEA Index Fund
EMEY,iShares MSCI Emerging Markets Energy Sector Capped Index Fund
EMFN,iShares MSCI Emerging Markets Financials Sector Index Fund
EGRW,iShares MSCI Emerging Markets Growth Index Fund
EEML,iShares MSCI Emerging Markets Latin America Index Fund
EMMT,iShares MSCI Emerging Markets Materials Sector Index Fund
EVAL,iShares MSCI Emerging Markets Value Index Fund
EUFN,iShares MSCI Europe Financials Sector Index Fund
FEFN,iShares MSCI Far East Financials Sector Index Fund
IBB,iShares NASDAQ Biotechnology Index Fund
EMIF,iShares S&P Emerging Markets Infrastructure Index Fund
ICLN,iShares S&P Global Clean Energy Index Fund
NUCL,iShares S&P Global Nuclear Index Fund
WOOD,iShares S&P Global Timber &Forestry Index Fund
INDY,iShares S&P India Nifty 50 Index Fund
ISHG,iShares S&P/Citigroup 1-3 Year International Treasury Bond Fun
IGOV,iShares S&P/Citigroup International Treasury Bond Fund
ISIS,"Isis Pharmaceuticals, Inc."
ISLE,"Isle of Capri Casinos, Inc."
ISRL,"Isramco, Inc."
ITRI,"Itron, Inc."
ITRN,Ituran Location and Control Ltd.
IVAN,"Ivanhoe Energy, Inc."
XXIA,Ixia
IXYS,IXYS Corporation
JJSF,J & J Snack Foods Corp.
MAYS,"J. W. Mays, Inc."
JBHT,"J.B. Hunt Transport Services, Inc."
JCOM,"j2 Global, Inc."
JASO,"JA Solar Holdings, Co., Ltd."
JKHY,"Jack Henry & Associates, Inc."
JACK,Jack In The Box Inc.
JXSB,Jacksonville Bancorp Inc.
JAXB,"Jacksonville Bancorp, Inc."
JAKK,"JAKKS Pacific, Inc."
JMBA,"Jamba, Inc."
JRCC,James River Coal Company
JAZZ,Jazz Pharmaceuticals plc
JDSU,JDS Uniphase Corporation
JFBI,"Jefferson Bancshares, Inc."
JBLU,JetBlue Airways Corporation
JTPY,JetPay Corporation
JCTCF,Jewett-Cameron Trading Company
DATE,Jiayuan.com International Ltd.
JST,Jinpan International Limited
JIVE,"Jive Software, Inc."
JOEZ,Joe&#39;s Jeans Inc.
JBSS,"John B. Sanfilippo & Son, Inc."
JOUT,Johnson Outdoors Inc.
JOSB,"Jos. A. Bank Clothiers, Inc."
TAX,JTH Holding Inc. D/B/A Liberty Tax Service
KALU,Kaiser Aluminum Corporation
KBIO,"KaloBios Pharmaceuticals, Inc."
KMDA,Kamada Ltd.
KNDI,"Kandi Technologies Group, Inc."
KCLI,Kansas City Life Insurance Company
KPTI,Karyopharm Therapeutics Inc.
KCAP,"KCAP Financial, Inc."
KRNY,Kearny Financial
KIPO,"Keating Capital, Inc."
KELYA,"Kelly Services, Inc."
KELYB,"Kelly Services, Inc."
KFFB,Kentucky First Federal Bancorp
KERX,"Keryx Biopharmaceuticals, Inc."
KEQU,Kewaunee Scientific Corporation
KTEC,"Key Technology, Inc."
KTCC,Key Tronic Corporation
KFRC,"Kforce, Inc."
KBALB,"Kimball International, Inc."
KIN,"Kindred Biosciences, Inc."
KGJI,Kingold Jewelry Inc.
KINS,"Kingstone Companies, Inc"
KONE,Kingtone Wirelessinfo Solution Holding Ltd
KIOR,"KiOR, Inc."
KIPS,"Kips Bay Medical, Inc."
KIRK,"Kirkland&#39;s, Inc."
KLAC,KLA-Tencor Corporation
VLCCF,Knightsbridge Tankers Limited
KFX,Kofax Limited
KONA,"Kona Grill, Inc."
KONG,KongZhong Corporation
KOPN,Kopin Corporation
KOSS,Koss Corporation
KRFT,"Kraft Foods Group, Inc."
KWEB,KraneShares CSI China Internet ETF
KTOS,"Kratos Defense & Security Solutions, Inc."
KUTV,"Ku6 Media Co., Ltd."
KLIC,"Kulicke and Soffa Industries, Inc."
KVHI,"KVH Industries, Inc."
KYTH,"Kythera Biopharmaceuticals, Inc."
LLEN,"L&L Energy, Inc."
FSTR,L.B. Foster Company
LSBK,"Lake Shore Bancorp, Inc."
LBAI,"Lakeland Bancorp, Inc."
LKFN,Lakeland Financial Corporation
LAKE,"Lakeland Industries, Inc."
LACO,"Lakes Entertainment, Inc."
LRCX,Lam Research Corporation
LAMR,Lamar Advertising Company
LANC,Lancaster Colony Corporation
LNDC,Landec Corporation
LARK,Landmark Bancorp Inc.
LSTR,"Landstar System, Inc."
LTRX,"Lantronix, Inc."
LPSB,"LaPorte Bancorp, Inc."
LSCC,Lattice Semiconductor Corporation
LAWS,"Lawson Products, Inc."
LAYN,Layne Christensen Company
LCAV,LCA-Vision Inc.
LCNB,LCNB Corporation
LDRH,LDR Holding Corporation
GAGA,Le Gaga Holdings Limited
LBIX,Leading Brands Inc
LEAP,"Leap Wireless International, Inc."
LTRE,"Learning Tree International, Inc."
LGCY,Legacy Reserves LP
LMAT,"LeMaitre Vascular, Inc."
LEVY,Levy Acquisition Corp.
LEVYU,Levy Acquisition Corp.
LEVYW,Levy Acquisition Corp.
LXRX,"Lexicon Pharmaceuticals, Inc."
LGIH,"LGI Homes, Inc."
LHCG,LHC Group
LBTYA,Liberty Global plc
LBTYB,Liberty Global plc
LBTYK,Liberty Global plc
LINTA,Liberty Interactive Corporation
LINTB,Liberty Interactive Corporation
LVNTA,Liberty Interactive Corporation
LVNTB,Liberty Interactive Corporation
LMCA,Liberty Media Corporation
LMCB,Liberty Media Corporation
LPHI,Life Partners Holdings Inc
LIFE,Life Technologies Corporation
LPNT,"LifePoint Hospitals, Inc."
LCUT,"Lifetime Brands, Inc."
LFVN,Lifevantage Corporation
LWAY,"Lifeway Foods, Inc."
LGND,Ligand Pharmaceuticals Incorporated
LTBR,Lightbridge Corporation
LPTH,"LightPath Technologies, Inc."
LIWA,"Lihua International, Inc."
LLEX,"Lilis Energy, Inc."
LIME,Lime Energy Co.
LLNW,"Limelight Networks, Inc."
LMNR,Limoneira Co
LINC,Lincoln Educational Services Corporation
LECO,"Lincoln Electric Holdings, Inc."
LLTC,Linear Technology Corporation
LNCO,"Linn Co, LLC"
LINE,"Linn Energy, LLC"
LIOX,"Lionbridge Technologies, Inc."
LPDX,"LipoScience, Inc."
LIQD,"Liquid Holdings Group, Inc."
LQDT,"Liquidity Services, Inc."
LFUS,"Littelfuse, Inc."
LIVE,"LiveDeal, Inc."
LPSN,"LivePerson, Inc."
LKQ,LKQ Corporation
LMIA,"LMI Aerospace, Inc."
LNBB,"LNB Bancorp, Inc."
LOCM,Local Corporation
LOGI,Logitech International S.A.
LOGM,"LogMein, Inc."
LOJN,LoJack Corporation
LOOK,"LookSmart, Ltd."
LORL,"Loral Space and Communications, Inc."
LABC,"Louisiana Bancorp, Inc."
LPTN,"Lpath, Inc."
LPLA,LPL Financial Holdings Inc.
LRAD,LRAD Corporation
LSBI,LSB Financial Corp.
LSI,LSI Corporation
LYTS,LSI Industries Inc.
LTXC,LTX-Credence Corporation
LULU,lululemon athletica inc.
LMNX,Luminex Corporation
LMOS,Lumos Networks Corp.
LUNA,Luna Innovations Incorporated
MBTF,M B T Financial Corp
MTSI,"M/A-COM Technology Solutions Holdings, Inc."
MCBC,Macatawa Bank Corporation
MFNC,Mackinac Financial Corporation
MGNX,"MacroGenics, Inc."
MCBK,"Madison County Financial, Inc."
MAGS,Magal Security Systems Ltd.
MGLN,"Magellan Health Services, Inc."
MPET,Magellan Petroleum Corporation
MGIC,Magic Software Enterprises Ltd.
CALL,magicJack VocalTec Ltd
MNGA,MagneGas Corporation
MAG,"Magnetek, Inc."
MGYR,"Magyar Bancorp, Inc."
MHLD,"Maiden Holdings, Ltd."
MHLDO,"Maiden Holdings, Ltd."
MSFG,"MainSource Financial Group, Inc."
COOL,Majesco Entertainment Company
MMYT,MakeMyTrip Limited
MLVF,"Malvern Bancorp, Inc."
MAMS,"MAM Software Group, Inc."
MNDL,"Mandalay Digital Group, Inc"
MANH,"Manhattan Associates, Inc."
LOAN,"Manhattan Bridge Capital, Inc"
MNTX,"Manitex International, Inc."
MTEX,"Mannatech, Incorporated"
MNKD,MannKind Corporation
MANT,ManTech International Corporation
MCHX,"Marchex, Inc."
MARPS,Marine Petroleum Trust
MKTX,"MarketAxess Holdings, Inc."
MKTO,"Marketo, Inc."
MRLN,Marlin Business Services Corp.
FISH,"Marlin Midstream Partners, LP"
MAR,Marriott International
MBII,"Marrone Bio Innovations, Inc."
MRTN,"Marten Transport, Ltd."
MMLP,Martin Midstream Partners L.P.
MRVL,Marvell Technology Group Ltd.
MASI,Masimo Corporation
MASC,Material Sciences Corporation
MTRX,Matrix Service Company
MAT,"Mattel, Inc."
MATR,Mattersight Corporation
MATW,Matthews International Corporation
MFRM,Mattress Firm Holding Corp.
MTSN,"Mattson Technology, Inc."
MXIM,"Maxim Integrated Products, Inc."
MXWL,"Maxwell Technologies, Inc."
MZOR,Mazor Robotics Ltd.
MBFI,MB Financial Inc.
MCGC,MCG Capital Corporation
MGRC,McGrath RentCorp
MDCA,MDC Partners Inc.
MEAS,"Measurement Specialties, Inc."
MCOX,Mecox Lane Limited
TAXI,Medallion Financial Corp.
MDAS,"MedAssets, Inc."
MBIS,Mediabistro Inc.
MDCI,Medical Action Industries Inc.
MNOV,"MediciNova, Inc."
MDSO,"Medidata Solutions, Inc."
MDVN,"Medivation, Inc."
MWRX,MedWorth Acquisition Corp.
MEIP,"MEI Pharma, Inc."
MELA,"MELA Sciences, Inc"
MPEL,Melco Crown Entertainment Limited
MLNX,"Mellanox Technologies, Ltd."
MEMP,Memorial Production Partners LP
MENT,Mentor Graphics Corporation
MTSL,MER Telemanagement Solutions Ltd.
MELI,"MercadoLibre, Inc."
MBWM,Mercantile Bank Corporation
MERC,Mercer International Inc.
MBVT,"Merchants Bancshares, Inc."
MRCY,Mercury Systems Inc
MRGE,Merge Healthcare Incorporated.
VIVO,Meridian Bioscience Inc.
EBSB,"Meridian Interstate Bancorp, Inc."
MMSI,"Merit Medical Systems, Inc."
MACK,"Merrimack Pharmaceuticals, Inc."
MERU,"Meru Networks, Inc."
MSLI,Merus Labs International Inc.
MLAB,"Mesa Laboratories, Inc."
CASH,"Meta Financial Group, Inc."
MBLX,"Metabolix, Inc."
MEOH,Methanex Corporation
MEIL,METHES ENERGIES INTERNATIONAL LTD
MEILW,METHES ENERGIES INTERNATIONAL LTD
MEILZ,METHES ENERGIES INTERNATIONAL LTD
METR,"Metro Bancorp, Inc"
MCBI,"MetroCorp Bancshares, Inc."
MFRI,"MFRI, Inc."
MGCD,MGC Diagnostics Corporation
MGEE,MGE Energy Inc.
MGPI,"MGP Ingredients, Inc."
MCRL,"Micrel, Incorporated"
MCHP,Microchip Technology Incorporated
MFI,MicroFinancial Incorporated
MU,"Micron Technology, Inc."
MICT,"Micronet Enertec Technologies, Inc."
MICTW,"Micronet Enertec Technologies, Inc."
MCRS,"MICROS Systems, Inc."
MSCC,Microsemi Corporation
MSFT,Microsoft Corporation
MSTR,MicroStrategy Incorporated
MVIS,"Microvision, Inc."
MPB,Mid Penn Bancorp
MCEP,"Mid-Con Energy Partners, LP"
MBRG,Middleburg Financial Corporation
MSEX,Middlesex Water Company
MOFG,"MidWestOne Financial Group, Inc."
MDXG,"MiMedx Group, Inc"
MNDO,MIND C.T.I. Ltd.
MRTX,"Mirati Therapeutics, Inc."
MSON,"MISONIX, Inc."
MIND,"Mitcham Industries, Inc."
MITK,"Mitek Systems, Inc."
MITL,Mitel Networks Corporation
MKSI,"MKS Instruments, Inc."
MINI,"Mobile Mini, Inc."
MOCO,"MOCON, Inc."
MLNK,"ModusLink Global Solutions, Inc"
MNTA,"Momenta Pharmaceuticals, Inc."
MCRI,"Monarch Casino & Resort, Inc."
MNRK,"Monarch Financial Holdings, Inc."
MDLZ,"Mondelez International, Inc."
MGI,"Moneygram International, Inc."
MPWR,"Monolithic Power Systems, Inc."
TYPE,Monotype Imaging Holdings Inc.
MNRO,"Monro Muffler Brake, Inc."
MRCC,Monroe Capital Corporation
MNST,Monster Beverage Corporation
MONT,Montage Technology Group Limited
MHGC,Morgans Hotel Group Co.
MORN,"Morningstar, Inc."
MOSY,"MoSys, Inc."
MPAA,"Motorcar Parts of America, Inc."
MOVE,"Move, Inc."
MSBF,MSB Financial Corp.
MNTG,"MTR Gaming Group, Inc."
MTSC,MTS Systems Corporation
LABL,Multi-Color Corporation
MFLX,"Multi-Fineline Electronix, Inc."
MGAM,"Multimedia Games Holding Company, Inc."
MFSF,MutualFirst Financial Inc.
MWIV,"MWI Veterinary Supply, Inc."
MYL,Mylan Inc.
MYRG,"MYR Group, Inc."
MYGN,"Myriad Genetics, Inc."
NANO,Nanometrics Incorporated
NSPH,"Nanosphere, Inc."
NSTG,"NanoString Technologies, Inc."
NSSC,"NAPCO Security Technologies, Inc."
NASB,NASB Financial Inc.
QQQX,NASDAQ Premium Income and Growth Fund Inc.
NATH,"Nathan&#39;s Famous, Inc."
NAUH,"National American University Holdings, Inc."
NKSH,"National Bankshares, Inc."
FIZZ,National Beverage Corp.
NCMI,"National CineMedia, Inc."
NATI,National Instruments Corporation
NATL,National Interstate Corporation
NPBC,"National Penn Bancshares, Inc."
NRCIA,National Research Corporation
NRCIB,National Research Corporation
NSEC,"National Security Group, Inc."
NWLI,National Western Life Insurance Company
NAII,"Natural Alternatives International, Inc."
NATR,"Nature&#39;s Sunshine Products, Inc."
BABY,Natus Medical Incorporated
NVSL,Naugatuck Valley Financial Corporation
NBTF,NB&T FINANCIAL GROUP INC
NBTB,NBT Bancorp Inc.
NCIT,"NCI, Inc."
NKTR,Nektar Therapeutics
NEOG,Neogen Corporation
NEO,"NeoGenomics, Inc."
NEON,Neonode Inc.
NBS,"Neostem, Inc."
NEPT,Neptune Technologies & Bioresources Inc
UEPS,"Net 1 UEPS Technologies, Inc."
NETE,"Net Element, Inc."
NETC,NET Servicos de Comunicacao S.A.
NTAP,"NetApp, Inc."
NTES,"NetEase, Inc."
NFLX,"Netflix, Inc."
NTGR,"NETGEAR, Inc."
NLST,"Netlist, Inc."
NTCT,"NetScout Systems, Inc."
NTWK,NetSol Technologies Inc.
NBIX,"Neurocrine Biosciences, Inc."
NURO,"NeuroMetrix, Inc."
NCBC,"New Century Bancorp, Inc. (NC)"
NHTB,"New Hampshire Thrift Bancshares, Inc."
NYMT,"New York Mortgage Trust, Inc."
NYMTP,"New York Mortgage Trust, Inc."
NBBC,NewBridge Bancorp
NEWL,NewLead Holdings Ltd.
NLNK,NewLink Genetics Corporation
NEWP,Newport Corporation
NWS,News Corporation
NWSA,News Corporation
NEWS,"NewStar Financial, Inc."
NEWT,Newtek Business Services Inc.
NXST,"Nexstar Broadcasting Group, Inc."
NFEC,NF Energy Saving Corporation
NGPC,NGP Capital Resources Company
EGOV,NIC Inc.
NICE,NICE-Systems Limited
NICK,"Nicholas Financial, Inc."
NIHD,"NII Holdings, Inc."
NINE,Ninetowns Internet Technology Group Company Limited
NMIH,NMI Holdings Inc
NNBR,"NN, Inc."
NDLS,Noodles & Company
NDSN,Nordson Corporation
NSYS,Nortech Systems Incorporated
NTK,Nortek Inc.
NOVB,North Valley Bancorp
NBN,Northeast Bancorp
NECB,"Northeast Community Bancorp, Inc."
NTIC,Northern Technologies International Corporation
NTRS,Northern Trust Corporation
NFBK,"Northfield Bancorp, Inc."
NRIM,Northrim BanCorp Inc
NWBI,"Northwest Bancshares, Inc."
NWBO,"Northwest Biotherapeutics, Inc."
NWBOW,"Northwest Biotherapeutics, Inc."
NWPX,Northwest Pipe Company
NCLH,Norwegian Cruise Line Holdings Ltd.
NWFL,Norwood Financial Corp.
NVMI,Nova Measuring Instruments Ltd.
NVDQ,Novadaq Technologies Inc
NVTL,"Novatel Wireless, Inc."
NVAX,"Novavax, Inc."
NVGN,Novogen Limited
NPSP,"NPS Pharmaceuticals, Inc."
NTLS,NTELOS Holdings Corp.
NUAN,"Nuance Communications, Inc."
NMRX,Numerex Corp.
PATH,NuPathe Inc.
NUTR,Nutraceutical International Corporation
NTRI,NutriSystem Inc
NUVA,"NuVasive, Inc."
NVEE,"NV5 Holdings, Inc."
NVEEW,"NV5 Holdings, Inc."
NVEC,NVE Corporation
NVDA,NVIDIA Corporation
NXPI,NXP Semiconductors N.V.
NXTM,"NxStage Medical, Inc."
NYMX,Nymox Pharmaceutical Corporation
OIIM,O2Micro International Limited
OVLY,Oak Valley Bancorp (CA)
OBAF,"OBA Financial Services, Inc."
OBCI,"Ocean Bio-Chem, Inc."
OPTT,"Ocean Power Technologies, Inc."
ORIG,Ocean Rig UDW Inc.
OSHC,Ocean Shore Holding Co.
OCFC,OceanFirst Financial Corp.
OCRX,"Ocera Therapeutics, Inc."
OCLR,"Oclaro, Inc."
OFED,Oconee Federal Financial Corp.
OCLS,"Oculus Innovative Sciences, Inc."
OMEX,"Odyssey Marine Exploration, Inc."
OFS,OFS Capital Corporation
OVBC,Ohio Valley Banc Corp.
OHRP,"Ohr Pharmaceuticals, Inc."
ODFL,"Old Dominion Freight Line, Inc."
OLBK,"Old Line Bancshares, Inc."
ONB,Old National Bancorp
OPOF,Old Point Financial Corporation
OSBC,"Old Second Bancorp, Inc."
OSBCP,"Old Second Bancorp, Inc."
ZEUS,"Olympic Steel, Inc."
OFLX,"Omega Flex, Inc."
OMER,Omeros Corporation
OABC,"OmniAmerican Bancorp, Inc."
OMCL,"Omnicell, Inc."
OVTI,"OmniVision Technologies, Inc."
ONNN,ON Semiconductor Corporation
OTIV,On Track Innovations Ltd
OGXI,OncoGenex Pharmaceuticals Inc.
ONCY,"Oncolytics Biotech, Inc."
OMED,"OncoMed Pharmaceuticals, Inc."
ONTX,"Onconova Therapeutics, Inc."
ONTY,Oncothyreon Inc.
ONFC,Oneida Financial Corp.
ONVI,"Onvia, Inc."
OTEX,Open Text Corporation
OPEN,"OpenTable, Inc."
OPXA,"Opexa Therapeutics, Inc."
OPHT,Ophthotech Corporation
OPLK,"Oplink Communications, Inc."
OBAS,Optibase Ltd.
OCC,Optical Cable Corporation
OPHC,"OptimumBank Holdings, Inc."
ORMP,Oramed Pharmaceuticals Inc.
OSUR,"OraSure Technologies, Inc."
ORBC,ORBCOMM Inc.
ORBT,Orbit International Corporation
ORBK,Orbotech Ltd.
ORLY,"O&#39;Reilly Automotive, Inc."
OREX,"Orexigen Therapeutics, Inc."
SEED,Origin Agritech Limited
ORIT,Oritani Financial Corp.
ORRF,Orrstown Financial Services Inc
OFIX,Orthofix International N.V.
OSIS,"OSI Systems, Inc."
OSIR,"Osiris Therapeutics, Inc."
OSN,"Ossen Innovation Co., Ltd."
OTEL,Otelco Inc.
OTTR,Otter Tail Corporation
OUTR,Outerwall Inc.
OVAS,Ovascience Inc.
OVRL,"Overland Storage, Inc."
OSTK,"Overstock.com, Inc."
OXFD,Oxford Immunotec Global PLC
OXLC,Oxford Lane Capital Corp.
OXLCO,Oxford Lane Capital Corp.
OXLCP,Oxford Lane Capital Corp.
OXGN,"OXiGENE, Inc."
OXBT,"Oxygen Biotherapeutics, Inc."
PFIN,"P & F Industries, Inc."
PTSI,"P.A.M. Transportation Services, Inc."
PCAR,PACCAR Inc.
PACR,"Pacer International, Inc."
PACB,"Pacific Biosciences of California, Inc."
PCBK,Pacific Continental Corporation (Ore)
PEIX,"Pacific Ethanol, Inc."
PMBC,Pacific Mercantile Bancorp
PPBI,Pacific Premier Bancorp Inc
PSUN,"Pacific Sunwear of California, Inc."
PCRX,"Pacira Pharmaceuticals, Inc."
PACT          ,Pactera Technology International Ltd
PACW,PacWest Bancorp
PTIE,Pain Therapeutics
PLMT,"Palmetto Bancshares, Inc. (SC)"
PAAS,Pan American Silver Corp.
PNRA,Panera Bread Company
PZZA,"Papa John&#39;S International, Inc."
PRGN,Paragon Shipping Inc.
PAMT,Parametric Sound Corp.
PRXL,PAREXEL International Corporation
PCYG,"Park City Group, Inc."
PSTB,Park Sterling Corporation
PKBK,"Parke Bancorp, Inc."
PRKR,"ParkerVision, Inc."
PKOH,Park-Ohio Holdings Corp.
PTNR,Partner Communications Company Ltd.
PBHC,"Pathfinder Bancorp, Inc."
PATK,"Patrick Industries, Inc."
PNBK,Patriot National Bancorp Inc.
PATR,"Patriot Transportation Holding, Inc."
PEGI,Pattern Energy Group Inc.
PDCO,"Patterson Companies, Inc."
PTEN,"Patterson-UTI Energy, Inc."
PLCC,Paulson Capital Corp.
PAYX,"Paychex, Inc."
PCCC,"PC Connection, Inc."
PCMI,"PCM, Inc."
PCTI,"PC-Tel, Inc."
PDCE,"PDC Energy, Inc."
PDFS,"PDF Solutions, Inc."
PDII,"PDI, Inc."
PDLI,"PDL BioPharma, Inc."
PGC,Peapack-Gladstone Financial Corporation
PRLS,Peerless Systems Corporation
PEGA,Pegasystems Inc.
PCO,Pendrell Corporation
PENX,Penford Corporation
PENN,"Penn National Gaming, Inc."
PFLT,PennantPark Floating Rate Capital Ltd.
PNNT,PennantPark Investment Corporation
PWOD,"Penns Woods Bancorp, Inc."
PEBO,Peoples Bancorp Inc.
PEBK,"Peoples Bancorp of North Carolina, Inc."
PEOP,"Peoples Federal Bancshares, Inc."
PFBX,Peoples Financial Corporation
PBCT,"People&#39;s United Financial, Inc."
PRCP,"Perceptron, Inc."
PPHM,Peregrine Pharmaceuticals Inc.
PSMI,Peregrine Semiconductor Corp.
PWRD,"Perfect World Co., Ltd."
PRFT,"Perficient, Inc."
PTIX,"Performance Technologies, Incorporated"
PFMT,Performant Financial Corporation
PERF,"Perfumania Holdings, Inc"
PSEM,Pericom Semiconductor Corporation
PERI,Perion Network Ltd
PESI,"Perma-Fix Environmental Services, Inc."
PTX,"Pernix Therapeutics Holdings, Inc."
PERY,Perry Ellis International Inc.
PETS,"PetMed Express, Inc."
PETM,"PetSmart, Inc"
PFSW,"PFSweb, Inc."
PGTI,"PGT, Inc."
PCYC,"Pharmacyclics, Inc."
PHII,"PHI, Inc."
PHIIK,"PHI, Inc."
PHMD,"PhotoMedex, Inc."
PLAB,"Photronics, Inc."
PICO,PICO Holdings Inc.
PPC,Pilgrim&#39;s Pride Corporation
PME,Pingtan Marine Enterprise Ltd.
PNFP,"Pinnacle Financial Partners, Inc."
PPSI,"Pioneer Power Solutions, Inc."
PXLW,"Pixelworks, Inc."
PZZI,"Pizza Inn Holdings, Inc."
PLNR,"Planar Systems, Inc."
PLPM,"Planet Payment, Inc."
PLXS,Plexus Corp.
PLUG,"Plug Power, Inc."
PLBC,Plumas Bancorp
PSTI,"Pluristem Therapeutics, Inc."
PLXT,"PLX Technology, Inc."
PMCS,"PMC - Sierra, Inc."
PMFG,"PMFG, Inc."
PBSK,"Poage Bankshares, Inc."
PTSX,Point.360
PNTR,Pointer Telocation Ltd.
PCOM,"Points International, Ltd."
PTEK,"PokerTek, Inc."
PBCP,"Polonia Bancorp, Inc."
PLCM,"Polycom, Inc."
POOL,Pool Corporation
POPE,Pope Resources
BPOP,"Popular, Inc."
BPOPM,"Popular, Inc."
BPOPN,"Popular, Inc."
PBIB,"Porter Bancorp, Inc."
PRAA,"Portfolio Recovery Associates, Inc."
PTLA,"Portola Pharmaceuticals, Inc."
PSTR,PostRock Energy Corporation
PBPB,Potbelly Corporation
PCH,Potlatch Corporation
POWL,"Powell Industries, Inc."
POWI,"Power Integrations, Inc."
PSIX,"Power Solutions International, Inc."
PRFZ,PowerShares FTSE RAFI US 1500 Small-Mid Portfolio
PAGG,PowerShares Global Agriculture Portfolio
PSAU,PowerShares Global Gold & Precious Metals Portfolio
PMNA,PowerShares MENA Frontier Countries Portfolio
PNQI,PowerShares NASDAQ Internet Portfolio
QQQ,"PowerShares QQQ Trust, Series 1"
PSCD,PowerShares S&P SmallCap Consumer Discretionary Portfolio
PSCC,PowerShares S&P SmallCap Consumer Staples Portfolio
PSCE,PowerShares S&P SmallCap Energy Portfolio
PSCF,PowerShares S&P SmallCap Financials Portfolio
PSCH,PowerShares S&P SmallCap Health Care Portfolio
PSCI,PowerShares S&P SmallCap Industrials Portfolio
PSCT,PowerShares S&P SmallCap Information Technology Portfolio
PSCM,PowerShares S&P SmallCap Materials Portfolio
PSCU,PowerShares S&P SmallCap Utilities Portfolio
POZN,"Pozen, Inc."
PRAN,Prana Biotechnology Ltd
PFBC,Preferred Bank
PLPC,Preformed Line Products Company
PRXI,"Premier Exhibitions, Inc."
PFBI,"Premier Financial Bancorp, Inc."
PINC,"Premier, Inc."
PRGX,"PRGX Global, Inc."
PCLN,priceline.com Incorporated
PSMT,"PriceSmart, Inc."
PBMD,Prima BioMed Ltd
PNRG,PrimeEnergy Corporation
PRMW,Primo Water Corporation
PRIM,Primoris Services Corporation
PVTB,"PrivateBancorp, Inc."
PVTBP,"PrivateBancorp, Inc."
PKT,"Procera Networks, Inc."
PDEX,"Pro-Dex, Inc."
IPDN,"Professional Diversity Network, Inc."
PGNX,Progenics Pharmaceuticals Inc.
PRGS,Progress Software Corporation
PFPT,"Proofpoint, Inc."
PRPH,"ProPhase Labs, Inc."
RNA,Prosensa Holding N.V.
BIB,ProShares Ultra Nasdaq Biotechnology
TQQQ,ProShares UltraPro QQQ
SQQQ,ProShares UltraPro Short QQQ 
BIS,ProShares UltraShort Nasdaq Biotechnology
PSEC,Prospect Capital Corporation
PGRX,Prospect Global Resources Inc.
PRTA,Prothena Corporation plc
PWX,Providence and Worcester Railroad Company
PROV,"Provident Financial Holdings, Inc."
PBIP,"Prudential Bancorp, Inc."
PSBH,"PSB Holdings, Inc."
PSDV,pSivida Corp.
PMD,Psychemedics Corporation
PTC,PTC Inc.
PTCT,"PTC Therapeutics, Inc."
PULB,Pulaski Financial Corp.
PCYO,Pure Cycle Corporation
QADA,QAD Inc.
QADB,QAD Inc.
QCCO,"QC Holdings, Inc."
QCRH,"QCR Holdings, Inc."
QGEN,Qiagen N.V.
QIWI,QIWI plc
QKLS,"QKL Stores, Inc."
QLIK,Qlik Technologies Inc.
QLGC,QLogic Corporation
QLTI,QLT Inc.
QCOM,QUALCOMM Incorporated
QLTY,"Quality Distribution, Inc."
QSII,"Quality Systems, Inc."
QBAK,Qualstar Corporation
QLYS,"Qualys, Inc."
QTWW,"Quantum Fuel Systems Technologies Worldwide, Inc."
QTET,Quartet Merger Corp.
QTETR,Quartet Merger Corp.
QTETU,Quartet Merger Corp.
QCOR,"Questcor Pharmaceuticals, Inc."
QUIK,QuickLogic Corporation
QDEL,Quidel Corporation
QPAC,Quinpario Acquisiton corp.
QPACU,Quinpario Acquisiton corp.
QPACW,Quinpario Acquisiton corp.
QNST,"QuinStreet, Inc."
QUMU,Qumu Corporation
QUNR,Qunar Cayman Islands Limited
DFZ,R.G. Barry Corporation
RRD,R.R. Donnelley & Sons Company
RADA,Rada Electronics Industries Limited
RDCM,Radcom Ltd.
ROIA,"Radio One, Inc."
ROIAK,"Radio One, Inc."
RSYS,RadiSys Corporation
RDNT,"RadNet, Inc."
RDWR,Radware Ltd.
RMBS,"Rambus, Inc."
RAND,Rand Capital Corporation
RLOG,"Rand Logistics, Inc."
GOLD,Randgold Resources Limited
RPTP,Raptor Pharmaceutical Corp.
RAVN,"Raven Industries, Inc."
ROLL,RBC Bearings Incorporated
RCMT,"RCM Technologies, Inc."
RDA,"RDA Microelectronics, Inc."
RLOC,"ReachLocal, Inc."
RDI,Reading International Inc
RDIB,Reading International Inc
RSOL,"Real Goods Solar, Inc."
RNWK,"RealNetworks, Inc."
RP,"RealPage, Inc."
RCPT,"Receptos, Inc."
QYLD,Recon Capital NASDAQ-100 Covered Call ETF
RCON,"Recon Technology, Ltd."
RRGB,"Red Robin Gourmet Burgers, Inc."
RDHL,Redhill Biopharma Ltd.
REDF,Rediff.com India Limited
RGDO,"Regado BioSciences, Inc."
REGN,"Regeneron Pharmaceuticals, Inc."
RGLS,Regulus Therapeutics Inc.
REIS,"Reis, Inc"
RELV,"Reliv&#39; International, Inc."
RLYP,"Relypsa, Inc."
MARK,"Remark Media, Inc."
REMY,"Remy International, Inc."
RNST,Renasant Corporation
REGI,"Renewable Energy Group, Inc."
RCII,Rent-A-Center Inc.
RTK,"Rentech, Inc."
RENT,Rentrak Corporation
RGEN,Repligen Corporation
RPRX,Repros Therapeutics Inc.
RPRXW,Repros Therapeutics Inc.
RPRXZ,Repros Therapeutics Inc.
RJET,"Republic Airways Holdings, Inc."
RBCAA,"Republic Bancorp, Inc."
FRBK,"Republic First Bancorp, Inc."
REFR,Research Frontiers Incorporated
REXI,"Resource America, Inc."
RECN,"Resources Connection, Inc."
RGDX,"Response Genetics, Inc."
MKTG,"Responsys, Inc."
ROIC,Retail Opportunity Investments Corp.
ROICU,Retail Opportunity Investments Corp.
ROICW,Retail Opportunity Investments Corp.
SALE,"RetailMeNot, Inc."
RTRX,"Retrophin, Inc."
RVLT,"Revolution Lighting Technologies, Inc."
REXX,Rex Energy Corporation
RFIL,"RF Industries, Ltd."
RFMD,"RF Micro Devices, Inc."
RGCO,RGC Resources Inc.
RIBT,RiceBran Technologies
RIBTW,RiceBran Technologies
RELL,"Richardson Electronics, Ltd."
RICK,"Rick&#39;s Cabaret International, Inc."
RIGL,"Rigel Pharmaceuticals, Inc."
RNET,"RigNet, Inc."
RITT,RIT Technologies Ltd.
RITTW,RIT Technologies Ltd.
RIVR,River Valley Bancorp.
RVBD,"Riverbed Technology, Inc."
RVSB,Riverview Bancorp Inc
RLJE,"RLJ Entertainment, Inc."
RMGN,RMG Networks Holding Corporation
ROBO,Robo-Stox Global Robotics and Automation Index ETF
FUEL,Rocket Fuel Inc.
RCKB,"Rockville Financial, Inc."
RMTI,"Rockwell Medical, Inc."
RCKY,"Rocky Brands, Inc."
RMCF,"Rocky Mountain Chocolate Factory, Inc."
RSTI,"Rofin-Sinar Technologies, Inc."
ROIQ,ROI Acquisition Corp. II
ROIQU,ROI Acquisition Corp. II
ROIQW,ROI Acquisition Corp. II
ROSG,Rosetta Genomics Ltd.
ROSE,Rosetta Resources Inc.
ROST,"Ross Stores, Inc."
ROVI,Rovi Corporation
RBPAA,"Royal Bancshares of Pennsylvania, Inc."
RGLD,"Royal Gold, Inc."
ROYL,"Royale Energy, Inc."
FUND,"Royce Focus Trust, Inc."
RPXC,RPX Corporation
RRST,RRSat Global Communications Network Ltd.
RTIX,"RTI Surgical, Inc."
RBCN,"Rubicon Technology, Inc."
RUSHA,"Rush Enterprises, Inc."
RUSHB,"Rush Enterprises, Inc."
RUTH,"Ruth&#39;s Hospitality Group, Inc."
RYAAY,Ryanair Holdings plc
STBA,"S&T Bancorp, Inc."
SANW,S&W Seed Company
SANWZ,S&W Seed Company
SYBT,"S.Y. Bancorp, Inc."
SBRA,"Sabra Healthcare REIT, Inc."
SBRAP,"Sabra Healthcare REIT, Inc."
SAEX,"SAExploration Holdings, Inc."
SAFT,"Safety Insurance Group, Inc."
SGNT,"Sagent Pharmaceuticals, Inc."
SAIA,"Saia, Inc."
SALM,Salem Communications Corporation
SAL,"Salisbury Bancorp, Inc."
SLXP,"Salix Pharmaceuticals, Ltd."
SAFM,"Sanderson Farms, Inc."
SNDK,SanDisk Corporation
SASR,"Sandy Spring Bancorp, Inc."
SGMO,"Sangamo BioSciences, Inc."
SANM,Sanmina Corporation
GCVRZ,Sanofi
SPNS,Sapiens International Corporation N.V.
SAPE,Sapient Corporation
SRPT,"Sarepta Therapeutics, Inc."
SBFG,"SB Financial Group, Inc."
SBAC,SBA Communications Corporation
SCSC,"ScanSource, Inc."
SMIT,"Schmitt Industries, Inc."
SCHN,"Schnitzer Steel Industries, Inc."
SCHL,Scholastic Corporation
SCLN,"SciClone Pharmaceuticals, Inc."
SGMS,Scientific Games Corp
SQI,"SciQuest, Inc."
SEAC,"SeaChange International, Inc."
SBCF,Seacoast Banking Corporation of Florida
STX,Seagate Technology.
SHIP,Seanergy Maritime Holdings Corp
SHLD,Sears Holdings Corporation
SHOS,"Sears Hometown and Outlet Stores, Inc."
SGEN,"Seattle Genetics, Inc."
SNFCA,Security National Financial Corporation
SEIC,SEI Investments Company
SCSS,Select Comfort Corporation
SLTC,"Selectica, Inc."
SIGI,"Selective Insurance Group, Inc."
LEDS,SemiLEDS Corporation
SMTC,Semtech Corporation
SENEA,Seneca Foods Corp.
SENEB,Seneca Foods Corp.
SNMX,"Senomyx, Inc."
SQNM,"Sequenom, Inc."
SQBG,"Sequential Brands Group, Inc."
SREV,"ServiceSource International, Inc."
SEV,"Sevcon, Inc."
SVBI,Severn Bancorp Inc
SFXE,"SFX Entertainment, Inc."
SGOC,"SGOCO Group, Ltd"
GAME,Shanda Games Limited
SMED,Sharps Compliance Corp
SHEN,Shenandoah Telecommunications Co
SHLO,"Shiloh Industries, Inc."
SHPG,Shire plc
SCVL,"Shoe Carnival, Inc."
SHBI,Shore Bancshares Inc
SHOR,"ShoreTel, Inc."
SFLY,"Shutterfly, Inc."
SIFI,"SI Financial Group, Inc."
SIEB,Siebert Financial Corp.
BSRR,Sierra Bancorp
SWIR,"Sierra Wireless, Inc."
SIFY,Sify Technologies Limited
SIGA,SIGA Technologies Inc.
SIGM,"Sigma Designs, Inc."
SIAL,Sigma-Aldrich Corporation
SGMA,"SigmaTron International, Inc."
SBNY,Signature Bank
SBNYW,Signature Bank
SLGN,"Silgan Holdings, Inc."
SILC,Silicom Ltd
SGI,Silicon Graphics International Corp
SIMG,"Silicon Image, Inc."
SLAB,"Silicon Laboratories, Inc."
SIMO,Silicon Motion Technology Corporation
SPIL,"Siliconware Precision Industries Company, Ltd."
EAGL,Silver Eagle Acquisition Corp.
EAGLU,Silver Eagle Acquisition Corp.
EAGLW,Silver Eagle Acquisition Corp.
SSRI,Silver Standard Resources Inc.
SAMG,Silvercrest Asset Management Group Inc.
SFNC,Simmons First National Corporation
SMPL,Simplicity Bancorp Inc.
SLP,"Simulations Plus, Inc."
SINA,Sina Corporation
SBGI,"Sinclair Broadcast Group, Inc."
SCOK,"SinoCoking Coal and Coke Chemical Industries, Inc"
SINO,"Sino-Global Shipping America, Ltd."
SVA,"Sinovac Biotech, Ltd."
SIRI,Sirius XM Holdings Inc.
SIRO,"Sirona Dental Systems, Inc."
SKUL,"Skullcandy, Inc."
MOBI,Sky-mobi Limited
SPU,"SkyPeople Fruit Juice, Inc."
SKBI,Skystar Bio-Pharmaceutical Company
SKYW,"SkyWest, Inc."
SWKS,"Skyworks Solutions, Inc."
ISM,SLM Corporation
JSM,SLM Corporation
OSM,SLM Corporation
SLM,SLM Corporation
SLMAP,SLM Corporation
SLMBP,SLM Corporation
SMT,SMART Technologies Inc.
SPRO,SmartPros Ltd.
SWHC,Smith & Wesson Holding Corporation
SMSI,"Smith Micro Software, Inc."
SMTX,SMTC Corporation
LNCE,"Snyder&#39;s-Lance, Inc."
SODA,SodaStream International Ltd.
SOHU,Sohu.com Inc.
SLRC,Solar Capital Ltd.
SUNS,Solar Senior Capital Ltd.
SCTY,SolarCity Corporation
SZYM,"Solazyme, Inc."
SLTM,"Solta Medical, Inc"
SONC,Sonic Corp.
SOFO,"Sonic Foundry, Inc."
SONS,"Sonus Networks, Inc."
SPHS,"Sophiris Bio, Inc."
SORL,"SORL Auto Parts, Inc."
SRNE,"Sorrento Therapeutics, Inc."
SOHO,Sotherly Hotels Inc.
SOHOL,Sotherly Hotels LP
SFBC,"Sound Financial Bancorp, Inc."
SOCB,Southcoast Financial Corporation
SFST,"Southern First Bancshares, Inc."
SMBC,"Southern Missouri Bancorp, Inc."
SONA,"Southern National Bancorp of Virginia, Inc."
SBSI,"Southside Bancshares, Inc."
OKSB,"Southwest Bancorp, Inc."
SPBC,"SP Bancorp, Inc."
SP,SP Plus Corporation
SPAN,"Span-America Medical Systems, Inc."
SBSA,"Spanish Broadcasting System, Inc."
SGRP,"SPAR Group, Inc."
SPAR,"Spartan Motors, Inc."
SPTN,"Spartan Stores, Inc."
SPPI,"Spectrum Pharmaceuticals, Inc."
SPDC,"Speed Commerce, Inc."
SPEX,Spherix Incorporated
SAVE,"Spirit Airlines, Inc."
SPLK,Splunk Inc.
SPCHA,"Sport Chalet, Inc."
SPCHB,"Sport Chalet, Inc."
SFM,"Sprouts Farmers Market, Inc."
SPSC,"SPS Commerce, Inc."
SSNC,"SS&C Technologies Holdings, Inc."
STAA,STAAR Surgical Company
STMP,Stamps.com Inc.
STLY,"Stanley Furniture Company, Inc."
SPLS,"Staples, Inc."
SBLK,Star Bulk Carriers Corp.
STSI,"Star Scientific, Inc."
SBUX,Starbucks Corporation
STRZA,Starz
STRZB,Starz
STFC,State Auto Financial Corporation
STBZ,State Bank Financial Corporation.
SIBC,"State Investors Bancorp, Inc."
GASS,"StealthGas, Inc."
STLD,"Steel Dynamics, Inc."
SMRT,"Stein Mart, Inc."
STNR,Steiner Leisure Limited
STEM,"StemCells, Inc."
STML,"Stemline Therapeutics, Inc."
STXS,"Stereotaxis, Inc."
SRCL,"Stericycle, Inc."
STRL,Sterling Construction Company Inc
STSA,Sterling Financial Corporation
SHOO,"Steven Madden, Ltd."
SSFN,Stewardship Financial Corp
STCK,"Stock Building Supply Holdings, Inc."
BANX,StoneCastle Financial Corp
SSYS,"Stratasys, Ltd."
STRT,Strattec Security Corporation
STRS,"Stratus Properties, Inc."
STRA,"Strayer Education, Inc."
STRM,"Streamline Health Solutions, Inc."
STB,Student Transportation Inc
SCMP,"Sucampo Pharmaceuticals, Inc."
SUBK,Suffolk Bancorp
SUMR,"Summer Infant, Inc."
SMMF,"Summit Financial Group, Inc."
SSBI,Summit State Bank
SNBC,"Sun Bancorp, Inc."
SNHY,Sun Hydraulics Corporation
SNSS,"Sunesis Pharmaceuticals, Inc."
GOMO,Sungy Mobile Limited
STKL,"SunOpta, Inc."
SPWR,SunPower Corporation
SSH,Sunshine Heart Inc
SMCI,"Super Micro Computer, Inc."
SPCB,"SuperCom, Ltd."
SCON,Superconductor Technologies Inc.
SGC,"Superior Uniform Group, Inc."
SUPN,"Supernus Pharmaceuticals, Inc."
SPPR,"Supertel Hospitality, Inc."
SPPRO,"Supertel Hospitality, Inc."
SPPRP,"Supertel Hospitality, Inc."
SUPX,"Supertex, Inc."
SPRT,"support.com, Inc."
SCAI,"Surgical Care Affiliates, Inc."
SRDX,"SurModics, Inc."
SUSQ,"Susquehanna Bancshares, Inc."
SBBX,Sussex Bancorp
SUTR,Sutor Technology Group Limited
STRN,Sutron Corporation
SIVB,SVB Financial Group
SIVBO,SVB Financial Group
SWSH,"Swisher Hygiene, Inc."
SYKE,"Sykes Enterprises, Incorporated"
SYMC,Symantec Corporation
SYNC,"Synacor, Inc."
GEVA,Synageva BioPharma Corp.
SYNL,Synalloy Corporation
SYNA,Synaptics Incorporated
SNCR,"Synchronoss Technologies, Inc."
SURG,"Synergetics USA, Inc."
SGYP,"Synergy Pharmaceuticals, Inc."
SGYPU,"Synergy Pharmaceuticals, Inc."
SGYPW,"Synergy Pharmaceuticals, Inc."
ELOS,Syneron Medical Ltd.
SNPS,"Synopsys, Inc."
SNTA,Synta Pharmaceuticals Corp.
SYNT,"Syntel, Inc."
SYMX,"Synthesis Energy Systems, Inc."
SYNM,Syntroleum Corporation
SYUT,"Synutra International, Inc."
SYPR,"Sypris Solutions, Inc."
TROW,"T. Rowe Price Group, Inc."
TAIT,Taitron Components Incorporated
TTWO,"Take-Two Interactive Software, Inc."
TNDM,"Tandem Diabetes Care, Inc."
TBAC,"Tandy Brands Accessories, Inc."
TLF,"Tandy Leather Factory, Inc."
TNGO,"Tangoe, Inc."
TRGT,"Targacept, Inc."
TASR,"TASER International, Inc."
TATT,TAT Technologies Ltd.
TAYC,"Taylor Capital Group, Inc."
TAYCO,"Taylor Capital Group, Inc."
TAYCP,"Taylor Capital Group, Inc."
TAYD,"Taylor Devices, Inc."
TCPC,TCP Capital Corp.
TEAR,TearLab Corporation
TECD,Tech Data Corporation
TECH,Techne Corporation
TCCO,Technical Communications Corporation
TTGT,"TechTarget, Inc."
TGLS,Tecnoglass Inc.
TGLSW,Tecnoglass Inc.
TECUA,Tecumseh Products Company
TECUB,Tecumseh Products Company
TKMR,Tekmira Pharmaceuticals Corp
TSYS,"TeleCommunication Systems, Inc."
TNAV,"TeleNav, Inc."
TTEC,"TeleTech Holdings, Inc."
TELK,"Telik, Inc."
TBNK,Territorial Bancorp Inc.
TSRO,"TESARO, Inc."
TESO,Tesco Corporation
TSLA,"Tesla Motors, Inc."
TESS,TESSCO Technologies Incorporated
TSRA,"Tessera Technologies, Inc."
TTEK,"Tetra Tech, Inc."
TLOG,TetraLogic Pharmaceuticals Corporation
TTPH,"Tetraphase Pharmaceuticals, Inc."
TCBI,"Texas Capital Bancshares, Inc."
TCBIL,"Texas Capital Bancshares, Inc."
TCBIP,"Texas Capital Bancshares, Inc."
TCBIW,"Texas Capital Bancshares, Inc."
TXN,Texas Instruments Incorporated
TXRH,"Texas Roadhouse, Inc."
THRD,TF Financial Corporation
TFSL,TFS Financial Corporation
TGTX,"TG Therapeutics, Inc."
TGE,"TGC Industries, Inc."
ABCO,The Advisory Board Company
ANDE,"The Andersons, Inc."
TBBK,"The Bancorp, Inc."
BKYF,The Bank of Kentucky Financial Corp.
BONT,"The Bon-Ton Stores, Inc."
CG,The Carlyle Group L.P.
CAKE,The Cheesecake Factory Incorporated
CHEF,"The Chefs&#39; Warehouse, Inc."
PLCE,"The Children&#39;s Place Retail Stores, Inc."
TCFC,The Community Financial Corporation
DSGX,The Descartes Systems Group Inc.
DXYN,"The Dixie Group, Inc."
ENSG,"The Ensign Group, Inc."
XONE,The ExOne Company
FINL,"The Finish Line, Inc."
FBMS,"The First Bancshares, Inc."
FLIC,The First of Long Island Corporation
TFM,"The Fresh Market, Inc."
GT,The Goodyear Tire & Rubber Company
GTPPP,The Goodyear Tire & Rubber Company
HCKT,"The Hackett Group, Inc."
HAIN,"The Hain Celestial Group, Inc."
CUBA,"The Herzfeld Caribbean Basin Fund, Inc."
INTG,The Intergroup Corporation
KEYW,The KEYW Holding Corporation
MSG,The Madison Square Garden Company
TMNG,"The Management Network Group, Inc."
MDCO,The Medicines Company
MIDD,The Middleby Corporation
NDAQ,"The NASDAQ OMX Group, Inc."
NAVG,"The Navigators Group, Inc."
PTRY,"The Pantry, Inc."
PRSC,The Providence Service Corporation
SPNC,The Spectranetics Corporation
ULTI,"The Ultimate Software Group, Inc."
WTSL,"The Wet Seal, Inc."
YORW,The York Water Company
NCTY,The9 Limited
THRX,"Theravance, Inc."
KOOL,THERMOGENESIS Corp.
TST,"TheStreet, Inc."
TCRD,"THL Credit, Inc."
THOR,Thoratec Corporation
THLD,"Threshold Pharmaceuticals, Inc."
THTI,"THT Heat Transfer Technology, Inc."
OINK,"Tianli Agritech, Inc."
TIBX,"TIBCO Software, Inc."
TICC,TICC Capital Corp.
TIGR,TigerLogic Corporation
TTS,"Tile Shop Hldgs, Inc."
TSBK,"Timberland Bancorp, Inc."
TIPT,Tiptree Financial Inc.
TITN,Titan Machinery Inc.
TIVO,TiVo Inc.
TNXP,Tonix Pharmaceuticals Holding Corp.
TISA,"Top Image Systems, Ltd."
TOPS,TOP Ships Inc.
TORM          ,TOR Minerals International Inc
TRCH,"Torchlight Energy Resources, Inc."
TRNX,Tornier N.V.
TOFC,Tower Financial Corporation
TWGP,"Tower Group International, Ltd."
TSEM,Tower Semiconductor Ltd.
TWER,Towerstream Corporation
CLUB,"Town Sports International Holdings, Inc."
TOWN,Towne Bank
TSCO,Tractor Supply Company
TSRE,"Trade Street Residential, Inc."
TWMC,Trans World Entertainment Corp.
TACT,TransAct Technologies Incorporated
TRNS,"Transcat, Inc."
TSPT,"Transcept Pharmaceuticals, Inc."
TGA,Transglobe Energy Corp
TTHI,"Transition Therapeutics, Inc."
TZOO,Travelzoo Inc.
TREE,"Tree.com, Inc."
TCBK,TriCo Bancshares
TRS,TriMas Corporation
TRMB,Trimble Navigation Limited
TRIB,Trinity Biotech plc
TRIP,"TripAdvisor, Inc."
TQNT,"TriQuint Semiconductor, Inc."
TSC,"TriState Capital Holdings, Inc."
TRIT,Tri-Tech Holding Inc.
TROV,"TrovaGene, Inc."
TROVU,"TrovaGene, Inc."
TROVW,"TrovaGene, Inc."
THST,"Truett-Hurst, Inc."
TBOW,Trunkbow International Holdings Ltd.
TRST,TrustCo Bank Corp NY
TRMK,Trustmark Corporation
TSRI,"TSR, Inc."
TTMI,"TTM Technologies, Inc."
TCX,Tucows Inc.
TUES,Tuesday Morning Corp.
TFCO,"Tufco Technologies, Inc."
TWTC,tw telecom inc.
FOX,"Twenty-First Century Fox, Inc."
FOXA,"Twenty-First Century Fox, Inc."
TWIN,"Twin Disc, Incorporated"
TRCB,Two River Bancorp
USCR,"U S Concrete, Inc."
PRTS,"U.S. Auto Parts Network, Inc."
USEG,U.S. Energy Corp.
GROW,"U.S. Global Investors, Inc."
UBIC,"UBIC, Inc."
UBNT,"Ubiquiti Networks, Inc."
UFPT,"UFP Technologies, Inc."
ULTA,"Ulta Salon, Cosmetics & Fragrance, Inc."
UCTT,"Ultra Clean Holdings, Inc."
ULBI,Ultralife Corporation
ULTR,Ultrapetrol (Bahamas) Limited
UTEK,"Ultratech, Inc."
UMBF,UMB Financial Corporation
UMPQ,Umpqua Holdings Corporation
UNAM,Unico American Corporation
UNIS,Unilife Corporation
UNB,"Union Bankshares, Inc."
UBSH,Union First Market Bankshares Corporation
UNXL,"Uni-Pixel, Inc."
UBCP,"United Bancorp, Inc."
UBOH,"United Bancshares, Inc."
UBSI,"United Bankshares, Inc."
UCBA,United Community Bancorp
UCBI,"United Community Banks, Inc."
UCFC,United Community Financial Corp.
UBNK,"United Financial Bancorp, Inc."
UFCS,"United Fire Group, Inc"
UIHC,United Insurance Holdings Corp.
UNFI,"United Natural Foods, Inc."
UNTD,"United Online, Inc."
UBFO,United Security Bancshares
USBI,"United Security Bancshares, Inc."
USLM,"United States Lime & Minerals, Inc."
USTR,United Stationers Inc.
UTHR,United Therapeutics Corporation
UG,"United-Guardian, Inc."
UNTK,"UniTek Global Services, Inc."
UNTY,"Unity Bancorp, Inc."
OLED,Universal Display Corporation
UEIC,Universal Electronics Inc.
UFPI,"Universal Forest Products, Inc."
USAP,"Universal Stainless & Alloy Products, Inc."
UACL,"Universal Truckload Services, Inc."
UVSP,Univest Corporation of Pennsylvania
UPIP,"Unwired Planet, Inc."
URRE,"Uranium Resources, Inc."
URBN,"Urban Outfitters, Inc."
UPI,"Uroplasty, Inc."
ECOL,"US Ecology, Inc."
USMO,"USA Mobility, Inc."
USAT,"USA Technologies, Inc."
USATP,"USA Technologies, Inc."
USAK,"USA Truck, Inc."
USMD,"USMD Holdings, Inc."
UTMD,"Utah Medical Products, Inc."
UTIW,UTi Worldwide Inc.
UTSI,UTStarcom Holdings Corp
VYFC,Valley Financial Corporation
VLYWW,Valley National Bancorp
VALU,"Value Line, Inc."
VCLK,"ValueClick, Inc."
VVTV,"ValueVision Media, Inc."
VNDA,Vanda Pharmaceuticals Inc.
VWOB,Vanguard Emerging Markets Government Bond ETF
VNQI,Vanguard Global ex-U.S. Real Estate ETF
VGIT,Vanguard Intermediate -Term Government Bond ETF
VCIT,Vanguard Intermediate-Term Corporate Bond ETF
VCLT,Vanguard Long-Term Corporate Bond ETF
VGLT,Vanguard Long-Term Government Bond ETF
VMBS,Vanguard Mortgage-Backed Securities ETF
VNR,Vanguard Natural Resources LLC
VNRAP,Vanguard Natural Resources LLC
VONE,Vanguard Russell 1000 ETF
VONG,Vanguard Russell 1000 Growth ETF
VONV,Vanguard Russell 1000 Value ETF
VTWO,Vanguard Russell 2000 ETF
VTWG,Vanguard Russell 2000 Growth ETF
VTWV,Vanguard Russell 2000 Value ETF
VTHR,Vanguard Russell 3000 ETF
VCSH,Vanguard Short-Term Corporate Bond ETF
VGSH,Vanguard Short-Term Government ETF
VTIP,Vanguard Short-Term Inflation-Protected Securities Index Fund
BNDX,Vanguard Total International Bond ETF
VXUS,Vanguard Total International Stock ETF
VDSI,"VASCO Data Security International, Inc."
VASC,"Vascular Solutions, Inc."
WOOF,"VCA Antech, Inc."
VECO,Veeco Instruments Inc.
TVIZ,VelocityShares Daily 2x VIX Medium Term ETN
ASDR,VelocityShares Emerging Asia DR ETF
EMDR,VelocityShares Emerging Markets DR ETF
ERW,VelocityShares Equal Risk Weighted Large Cap ETF
RUDR,VelocityShares Russia Select DR ETF
APPY,"Venaxis, Inc."
VTUS,"Ventrus Biosciences, Inc."
VRA,"Vera Bradley, Inc."
VCYT,"Veracyte, Inc."
VSTM,"Verastem, Inc."
VRNT,Verint Systems Inc.
VRSN,"VeriSign, Inc."
VRSK,"Verisk Analytics, Inc."
VRML,"Vermillion, Inc."
VTNR,"Vertex Energy, Inc"
VRTX,Vertex Pharmaceuticals Incorporated
VRTA,"Vestin Realty Mortgage I, Inc."
VRTB,"Vestin Realty Mortgage II, Inc."
VIA,Viacom Inc.
VIAB,Viacom Inc.
VSAT,"ViaSat, Inc."
VIAS,"Viasystems Group, Inc."
VICL,Vical Incorporated
VICR,Vicor Corporation
VIDI,Vident International Equity Fund
VIDE,Video Display Corporation
VPFG,"ViewPoint Financial Group, Inc."
VIEW,"Viewtran Group, Inc."
VBFC,Village Bank and Trust Financial Corp.
VLGEA,"Village Super Market, Inc."
VIMC,Vimicro International Corporation
VIP,VimpelCom Ltd.
VIRC,Virco Manufacturing Corporation
VCBI,Virginia Commerce Bancorp
VPHM,ViroPharma Incorporated
VSCP,"VirtualScopics, Inc."
VRTS,"Virtus Investment Partners, Inc."
VRTU,Virtusa Corporation
VISN,"VisionChina Media, Inc."
VSCI,"Vision-Sciences, Inc."
VPRT,Vistaprint N.V.
VITC,"Vitacost.com, Inc."
VTSS,Vitesse Semiconductor Corporation
VTNC,"Vitran Corporation, Inc."
VVUS,"VIVUS, Inc."
VOCS,"Vocus, Inc."
VOD,Vodafone Group Plc
VOLC,Volcano Corporation
VLTC,Voltari Corporation
VOXX,VOXX International Corporation
VRNG,"Vringo, Inc."
VRNGW,"Vringo, Inc."
VSEC,VSE Corporation
WRES,"Warren Resources, Inc."
WBCO,Washington Banking Company
WAFD,"Washington Federal, Inc."
WAFDW,"Washington Federal, Inc."
WASH,"Washington Trust Bancorp, Inc."
WFBI,WashingtonFirst Bankshares Inc
WSBF,"Waterstone Financial, Inc."
WAVX,Wave Systems Corp.
WAYN,Wayne Savings Bancshares Inc.
WSTG,"Wayside Technology Group, Inc."
WDFC,WD-40 Company
WWWW,"Web.com Group, Inc."
WBMD,WebMD Health Corp
WEBK,"Wellesley Bancorp, Inc."
WEN,Wendy&#39;s Company (The)
WERN,"Werner Enterprises, Inc."
WSBC,"WesBanco, Inc."
WTBA,West Bancorporation
WSTC,West Corporation
WMAR,"West Marine, Inc."
WABC,Westamerica Bancorporation
WBB,"Westbury Bancorp, Inc."
WSTL,"Westell Technologies, Inc."
WDC,Western Digital Corporation
WFD,"Westfield Financial, Inc."
WLB,Westmoreland Coal Company
WLBPZ,Westmoreland Coal Company
WPRT,Westport Innovations Inc
WEYS,"Weyco Group, Inc."
WHLR,"Wheeler Real Estate Investment Trust, Inc."
WHF,"WhiteHorse Finance, Inc."
WHFBL,"WhiteHorse Finance, Inc."
WFM,"Whole Foods Market, Inc."
WILN,Wi-Lan Inc
WVVI,"Willamette Valley Vineyards, Inc."
WLDN,"Willdan Group, Inc."
WLFC,Willis Lease Finance Corporation
WIBC,"Wilshire Bancorp, Inc."
WIN,"Windstream Holdings, Inc."
WINA,Winmark Corporation
WTFC,Wintrust Financial Corporation
WTFCW,Wintrust Financial Corporation
AGND,WisdomTree Barclays U.S. Aggregate Bond Negative Duration Fund
AGZD,WisdomTree Barclays U.S. Aggregate Bond Zero Duration Fund
HYND,WisdomTree BofA Merrill Lynch High Yield Bond Negative Duratio
HYZD,WisdomTree BofA Merrill Lynch High Yield Bond Zero Duration Fu
CHXF,WisdomTree China Dividend Ex-Financials Fund
EMCG,WisdomTree Emerging Markets Consumer Growth Fund
EMCB,WisdomTree Emerging Markets Corporate Bond Fund
DGRE,WisdomTree Emerging Markets Dividend Growth Fund
DXGE,WisdomTree Germany Hedged Equity Fund
GLCB,WisdomTree Global Corporate Bond Fund
WETF,"WisdomTree Investments, Inc."
DXJS,WisdomTree Japan Hedged SmallCap Equity Fund
JGBB,WisdomTree Japan Interest Rate Strategy Fund
DXKW,WisdomTree Korea Hedged Equity Fund
GULF,WisdomTree Middle East Dividend Fund
DGRW,WisdomTree U.S. Dividend Growth Fund
DGRS,WisdomTree U.S. SmallCap Dividend Growth Fund
DXPS,WisdomTree United Kingdom Hedged Equity Fund
WIX,Wix.com Ltd.
WBKC,"Wolverine Bancorp, Inc."
WWD,"Woodward, Inc."
WRLD,World Acceptance Corporation
XWES,World Energy Solutions Inc (DE)
WPCS,WPCS International Incorporated
WPPGY,WPP plc
WMGI,"Wright Medical Group, Inc."
WMGIZ,"Wright Medical Group, Inc."
WSFS,WSFS Financial Corporation
WSFSL,WSFS Financial Corporation
WSCI,WSI Industries Inc.
WVFC,WVS Financial Corp.
WYNN,"Wynn Resorts, Limited"
XNCR,"Xencor, Inc."
XBKS,"Xenith Bankshares, Inc."
XNPT,"XenoPort, Inc."
XGTI,"XG Technology, Inc"
XGTIW,"XG Technology, Inc"
XLNX,"Xilinx, Inc."
XOMA,XOMA Corporation
XOOM,Xoom Corporation
XPLR,Xplore Technologies Corp
XRSC,XRS Corporation
XTLB,XTL Biopharmaceuticals Ltd.
XRTX,Xyratex Ltd.
YDKN,Yadkin Financial Corporation
YHOO,Yahoo! Inc.
YNDX,Yandex N.V.
YONG,"Yongye International, Inc."
YOD,"You On Demand Holdings, Inc."
YRCW,"YRC Worldwide, Inc."
YY,YY Inc.
ZAGG,ZAGG Inc
ZLCS,Zalicus Inc.
ZAZA,ZaZa Energy Corporation
ZBRA,Zebra Technologies Corporation
ZLTQ,"ZELTIQ Aesthetics, Inc."
ZHNE,"Zhone Technologies, Inc."
Z,"Zillow, Inc."
ZN,Zion Oil & Gas Inc
ZION,Zions Bancorporation
ZIONW,Zions Bancorporation
ZIONZ,Zions Bancorporation
ZIOP,ZIOPHARM Oncology Inc
ZIPR,"ZipRealty, Inc."
ZIXI,Zix Corporation
ZGNX,"Zogenix, Inc."
ZOLT,"Zoltek Companies, Inc."
ZOOM,"Zoom Technologies, Inc."
ZU,"zulily, inc."
ZUMZ,Zumiez Inc.
ZIGO,Zygo Corporation
ZNGA,Zynga Inc.
